Date,bist_try,adr_usd,usdtry
2012-01-03,5.000549793243408,6.504733085632324,1.8875999450683594
2012-01-04,4.911651611328125,6.43426513671875,1.8720999956130981
2012-01-05,4.94498872756958,6.418003082275391,1.8782999515533447
2012-01-06,4.900538921356201,6.412581443786621,1.8792999982833862
2012-01-09,4.878314018249512,6.4288434982299805,1.8795000314712524
2012-01-10,4.933876991271973,6.488470077514648,1.867900013923645
2012-01-11,4.900538921356201,6.466789245605469,1.8676999807357788
2012-01-12,4.978324890136719,6.569780349731445,1.8530000448226929
2012-01-13,4.933876991271973,6.591461658477783,1.8517999649047852
2012-01-17,5.01166296005249,6.705294132232666,1.850000023841858
2012-01-18,5.000549793243408,6.737818717956543,1.8398000001907349
2012-01-19,4.956100940704346,6.656510353088379,1.8301000595092773
2012-01-20,5.000549793243408,6.656510353088379,1.825600028038025
2012-01-23,5.01166296005249,6.689031600952148,1.8316999673843384
2012-01-24,4.989437103271484,6.62398624420166,1.8162000179290771
2012-01-25,4.967212200164795,6.748660087585449,1.819100022315979
2012-01-26,5.01166296005249,6.743238925933838,1.8043999671936035
2012-01-27,5.13389778137207,7.0142693519592285,1.7925000190734863
2012-01-30,5.156122207641602,7.0142693519592285,1.7726999521255493
2012-01-31,5.06722354888916,6.987165927886963,1.7861000299453735
2012-02-01,5.178347110748291,7.111840724945068,1.774399995803833
2012-02-02,5.189459800720215,7.133522987365723,1.7546000480651855
2012-02-03,5.256134510040283,7.296141624450684,1.756600022315979
2012-02-06,5.278357982635498,7.296141624450684,1.7522000074386597
2012-02-07,5.289470672607422,7.290721416473389,1.7568000555038452
2012-02-08,5.300581932067871,7.334085464477539,1.7467000484466553
2012-02-09,5.222795486450195,7.252777576446533,1.750599980354309
2012-02-10,5.189459800720215,7.100998878479004,1.7512999773025513
2012-02-13,5.267246246337891,7.2202534675598145,1.7587000131607056
2012-02-14,5.211683750152588,7.160626411437988,1.7669999599456787
2012-02-15,5.256134510040283,7.2202534675598145,1.7674000263214111
2012-02-16,5.333919048309326,7.317824363708496,1.7630000114440918
2012-02-17,5.422817230224609,7.545489311218262,1.760699987411499
2012-02-21,5.511716365814209,7.567172050476074,1.743399977684021
2012-02-22,5.389481067657471,7.442497730255127,1.7509000301361084
2012-02-23,5.222795486450195,7.306982517242432,1.756500005722046
2012-02-24,5.322807312011719,7.312404155731201,1.7625000476837158
2012-02-27,5.222795486450195,7.203991413116455,1.7616000175476074
2012-02-28,5.278357982635498,7.323245048522949,1.7640999555587769
2012-02-29,5.333919048309326,7.372032165527344,1.750499963760376
2012-03-01,5.300581932067871,7.33950662612915,1.7484999895095825
2012-03-02,5.289470672607422,7.328665733337402,1.7517999410629272
2012-03-05,5.200571060180664,7.171467304229736,1.766800045967102
2012-03-06,5.156122207641602,6.97090482711792,1.770400047302246
2012-03-07,5.1227850914001465,6.949222087860107,1.7913000583648682
2012-03-08,5.245020389556885,7.160626411437988,1.7798999547958374
2012-03-09,5.245020389556885,7.1281023025512695,1.7740999460220337
2012-03-12,5.256134510040283,7.084739685058594,1.7847000360488892
2012-03-13,5.289470672607422,7.160626411437988,1.7933000326156616
2012-03-14,5.422817230224609,7.138943672180176,1.7856999635696411
2012-03-15,5.311695575714111,7.084739685058594,1.805299997329712
2012-03-16,5.389481067657471,7.225673198699951,1.7955000400543213
2012-03-19,5.222795486450195,7.030533313751221,1.7935999631881714
2012-03-20,5.278357982635498,7.046792030334473,1.8033000230789185
2012-03-21,5.267246246337891,7.019690036773682,1.8203999996185303
2012-03-22,5.156122207641602,6.846231937408447,1.812399983406067
2012-03-23,5.145009517669678,6.857072353363037,1.8070000410079956
2012-03-26,5.200571060180664,7.1281023025512695,1.798799991607666
2012-03-27,5.222795486450195,7.0142693519592285,1.7847000360488892
2012-03-28,5.156122207641602,6.976325988769531,1.787500023841858
2012-03-29,5.0783371925354,6.857072353363037,1.7798999547958374
2012-03-30,5.06722354888916,6.829969882965088,1.7838000059127808
2012-04-02,5.022774696350098,6.824548244476318,1.7796000242233276
2012-04-03,4.989437103271484,6.781184196472168,1.7752000093460083
2012-04-04,4.978324890136719,6.689031600952148,1.7812999486923218
2012-04-05,4.978324890136719,6.73239803314209,1.792199969291687
2012-04-09,4.967212200164795,6.67277193069458,1.7929999828338623
2012-04-10,4.933876991271973,6.526414394378662,1.7973999977111816
2012-04-11,4.94498872756958,6.651089668273926,1.8125
2012-04-12,4.978324890136719,6.781184196472168,1.80649995803833
2012-04-13,4.956100940704346,6.667352199554443,1.7926000356674194
2012-04-16,4.900538921356201,6.564358711242676,1.7962000370025635
2012-04-17,4.844976902008057,6.564358711242676,1.7961000204086304
2012-04-18,4.833864688873291,6.510152339935303,1.7872999906539917
2012-04-19,4.81164026260376,6.510152339935303,1.7856999635696411
2012-04-20,4.81164026260376,6.5155744552612305,1.7918000221252441
2012-04-23,4.81164026260376,6.450526714324951,1.7900999784469604
2012-04-24,4.778304100036621,6.483049392700195,1.794600009918213
2012-04-25,4.800528049468994,6.564358711242676,1.7800999879837036
2012-04-26,4.8894267082214355,6.699873924255371,1.7692999839782715
2012-04-27,4.900538921356201,6.759501934051514,1.7646000385284424
2012-04-30,4.878314018249512,6.699873924255371,1.7590999603271484
2012-05-01,4.878314018249512,6.710715293884277,1.756100058555603
2012-05-02,4.800528049468994,6.629405975341797,1.7537000179290771
2012-05-03,4.989437103271484,6.857072353363037,1.7595000267028809
2012-05-04,4.989437103271484,6.862492561340332,1.7608000040054321
2012-05-07,4.94498872756958,6.824548244476318,1.7676000595092773
2012-05-08,4.8894267082214355,6.651089668273926,1.7598999738693237
2012-05-09,4.833864688873291,6.5155744552612305,1.7773000001907349
2012-05-10,4.844976902008057,6.548097610473633,1.7939000129699707
2012-05-11,4.733854293823242,6.45594596862793,1.7861000299453735
2012-05-14,4.644955158233643,6.179495334625244,1.7855000495910645
2012-05-15,4.633842945098877,6.119869232177734,1.8101999759674072
2012-05-16,4.667180061340332,6.114448547363281,1.82260000705719
2012-05-17,4.60050630569458,6.081925392150879,1.8222999572753906
2012-05-18,4.6116180419921875,5.962671279907227,1.8281999826431274
2012-05-21,4.500494956970215,5.9518303871154785,1.8335000276565552
2012-05-22,4.5449442863464355,6.011457443237305,1.8242000341415405
2012-05-23,4.500494956970215,5.881362438201904,1.843999981880188
2012-05-24,4.511607646942139,5.90846586227417,1.8496999740600586
2012-05-25,4.667180061340332,6.119869232177734,1.8461999893188477
2012-05-29,4.700517177581787,6.15781307220459,1.835800051689148
2012-05-30,4.567168712615967,5.973513126373291,1.8299000263214111
2012-05-31,4.522719383239746,5.870520114898682,1.8550000190734863
2012-06-01,4.622729778289795,6.011457443237305,1.864300012588501
2012-06-04,4.556056022644043,5.9518303871154785,1.8590999841690063
2012-06-05,4.556056022644043,5.968092918395996,1.8517999649047852
2012-06-06,4.567168712615967,6.060243606567383,1.8453999757766724
2012-06-07,4.578281879425049,6.060243606567383,1.8279999494552612
2012-06-08,4.556056022644043,6.103606700897217,1.8253999948501587
2012-06-11,4.5449442863464355,5.973513126373291,1.8075000047683716
2012-06-12,4.633842945098877,6.184916973114014,1.8286000490188599
2012-06-13,4.667180061340332,6.184916973114014,1.8236000537872314
2012-06-14,4.667180061340332,6.228280067443848,1.8183000087738037
2012-06-15,4.689404487609863,6.244543552398682,1.813099980354309
2012-06-18,4.667180061340332,6.239124298095703,1.8030999898910522
2012-06-19,4.644955158233643,6.331273078918457,1.8102999925613403
2012-06-20,4.667180061340332,6.385477542877197,1.7994999885559082
2012-06-21,4.678292751312256,6.266225814819336,1.7939000129699707
2012-06-22,4.822752475738525,6.439685821533203,1.8035000562667847
2012-06-25,4.844976902008057,6.44510555267334,1.8128000497817993
2012-06-26,4.8560895919799805,6.564358711242676,1.819000005722046
2012-06-27,4.989437103271484,6.705294132232666,1.8079999685287476
2012-06-28,4.967212200164795,6.613144874572754,1.8128999471664429
2012-06-29,5.089448928833008,6.802866458892822,1.82669997215271
2012-07-02,5.033886909484863,6.824548244476318,1.8042999505996704
2012-07-03,5.022774696350098,6.775763511657715,1.8039000034332275
2012-07-05,5.06722354888916,6.786604881286621,1.804800033569336
2012-07-06,5.189459800720215,6.905858516693115,1.8097000122070312
2012-07-09,5.222795486450195,6.97090482711792,1.818600058555603
2012-07-10,5.211683750152588,6.900437355041504,1.822700023651123
2012-07-11,5.145009517669678,6.873334884643555,1.8144999742507935
2012-07-12,5.089448928833008,6.808285236358643,1.8056000471115112
2012-07-13,5.167234897613525,6.976325988769531,1.81850004196167
2012-07-16,5.189459800720215,7.035951614379883,1.8092000484466553
2012-07-17,5.222795486450195,7.0142693519592285,1.8070000410079956
2012-07-18,5.178347110748291,6.9546427726745605,1.8034000396728516
2012-07-19,5.178347110748291,7.0142693519592285,1.8009999990463257
2012-07-20,5.189459800720215,6.9329609870910645,1.8020000457763672
2012-07-23,5.156122207641602,6.9546427726745605,1.8140000104904175
2012-07-24,5.267246246337891,6.998007774353027,1.8184000253677368
2012-07-25,5.367256164550781,7.247354507446289,1.8264000415802002
2012-07-26,5.600614547729492,7.491282939910889,1.8209999799728394
2012-07-27,5.722850799560547,7.691844940185547,1.8098000288009644
2012-07-30,5.695071220397949,7.643059730529785,1.8128000497817993
2012-07-31,5.528384685516357,7.485863208770752,1.8007999658584595
2012-08-01,5.511716365814209,7.312404155731201,1.7932000160217285
2012-08-02,5.533941745758057,7.464181423187256,1.8046000003814697
2012-08-03,5.695071220397949,7.697267055511475,1.799399971961975
2012-08-06,5.6672892570495605,7.697267055511475,1.7781000137329102
2012-08-07,5.6672892570495605,7.670164585113525,1.7755000591278076
2012-08-08,5.4728240966796875,7.475021839141846,1.784999966621399
2012-08-09,5.389481067657471,7.39913272857666,1.7786999940872192
2012-08-10,5.489492893218994,7.583434104919434,1.7821999788284302
2012-08-13,5.511716365814209,7.496704578399658,1.7839000225067139
2012-08-14,5.445041656494141,7.43707799911499,1.7933000326156616
2012-08-15,5.489492893218994,7.512965679168701,1.8003000020980835
2012-08-16,5.533941745758057,7.561750888824463,1.7967000007629395
2012-08-17,5.62283992767334,7.626798629760742,1.7933000326156616
2012-08-20,5.62283992767334,7.556331634521484,1.8006000518798828
2012-08-21,5.62283992767334,7.599695682525635,1.8008999824523926
2012-08-22,5.750631332397461,7.7623138427734375,1.7939000129699707
2012-08-23,5.639508247375488,7.567172050476074,1.7929999828338623
2012-08-24,5.5783915519714355,7.550909519195557,1.7926000356674194
2012-08-27,5.583948135375977,7.572591304779053,1.7976000308990479
2012-08-28,5.6672892570495605,7.691844940185547,1.8020000457763672
2012-08-29,5.750631332397461,7.724369049072266,1.808500051498413
2012-08-30,5.750631332397461,7.556331634521484,1.821560025215149
2012-08-31,6.000659942626953,8.022503852844238,1.8265000581741333
2012-09-04,5.889536380767822,8.006242752075195,1.8184499740600586
2012-09-05,6.111783504486084,8.206805229187012,1.8190799951553345
2012-09-06,6.08400297164917,8.147178649902344,1.8178600072860718
2012-09-07,5.861755847930908,8.044185638427734,1.8091700077056885
2012-09-10,5.917316913604736,7.957456588745117,1.8005499839782715
2012-09-11,6.000659942626953,8.07671070098877,1.802090048789978
2012-09-12,5.9728779792785645,8.000821113586426,1.8041000366210938
2012-09-13,6.000659942626953,8.141757011413574,1.8066799640655518
2012-09-14,6.139564514160156,8.228486061096191,1.7985899448394775
2012-09-17,6.195126056671143,8.326057434082031,1.7965099811553955
2012-09-18,6.222907066345215,8.331478118896484,1.7964500188827515
2012-09-19,6.111783504486084,8.309796333312988,1.796180009841919
2012-09-20,6.08400297164917,8.195961952209473,1.792099952697754
2012-09-21,6.250687122344971,8.342320442199707,1.7967100143432617
2012-09-24,6.222907066345215,8.401947975158691,1.7948399782180786
2012-09-25,6.250687122344971,8.336899757385254,1.7970399856567383
2012-09-26,6.167346477508545,8.374842643737793,1.7906800508499146
2012-09-27,6.111783504486084,8.391103744506836,1.7913700342178345
2012-09-28,6.08400297164917,8.206805229187012,1.787559986114502
2012-10-01,6.139564514160156,8.25558853149414,1.7965799570083618
2012-10-02,6.167346477508545,8.315216064453125,1.7910399436950684
2012-10-03,6.195126056671143,8.309796333312988,1.790179967880249
2012-10-04,6.167346477508545,8.266429901123047,1.803760051727295
2012-10-05,6.222907066345215,8.36400032043457,1.7960799932479858
2012-10-08,6.195126056671143,8.336899757385254,1.8049900531768799
2012-10-09,6.222907066345215,8.304374694824219,1.8119800090789795
2012-10-10,6.08400297164917,8.147178649902344,1.8257299661636353
2012-10-11,6.139564514160156,8.223066329956055,1.8186800479888916
2012-10-12,6.08400297164917,8.212224006652832,1.80649995803833
2012-10-15,6.111783504486084,8.239328384399414,1.810789942741394
2012-10-16,6.111783504486084,8.261009216308594,1.809689998626709
2012-10-17,6.111783504486084,8.223066329956055,1.8003599643707275
2012-10-18,6.000659942626953,8.233905792236328,1.798259973526001
2012-10-19,6.111783504486084,8.201384544372559,1.797260046005249
2012-10-22,6.08400297164917,8.293535232543945,1.7942800521850586
2012-10-23,6.028440475463867,8.212224006652832,1.7927000522613525
2012-10-24,6.028440475463867,8.25558853149414,1.8011000156402588
2012-10-25,6.028440475463867,8.09839153289795,1.8022700548171997
2012-10-26,6.028440475463867,8.09839153289795,1.799280047416687
2012-10-31,6.08400297164917,8.233905792236328,1.79653000831604
2012-11-01,6.028440475463867,8.163439750671387,1.7919299602508545
2012-11-02,6.056220531463623,8.233905792236328,1.786929965019226
2012-11-05,6.08400297164917,8.309796333312988,1.7913800477981567
2012-11-06,5.9728779792785645,8.201384544372559,1.780400037765503
2012-11-07,6.056220531463623,8.201384544372559,1.7726500034332275
2012-11-08,6.056220531463623,8.17970085144043,1.7843600511550903
2012-11-09,6.000659942626953,8.07671070098877,1.785249948501587
2012-11-12,5.945096492767334,8.027925491333008,1.790179967880249
2012-11-13,6.056220531463623,8.09839153289795,1.80062997341156
2012-11-14,5.9728779792785645,8.017082214355469,1.8072799444198608
2012-11-15,6.056220531463623,8.092972755432129,1.8055700063705444
2012-11-16,6.028440475463867,8.092972755432129,1.8006700277328491
2012-11-19,6.000659942626953,8.09839153289795,1.7964999675750732
2012-11-20,5.9728779792785645,8.082128524780273,1.7991700172424316
2012-11-21,5.9728779792785645,8.038765907287598,1.7923699617385864
2012-11-23,5.889536380767822,8.05502700805664,1.7968800067901611
2012-11-26,5.917316913604736,8.022503852844238,1.7942700386047363
2012-11-27,5.917316913604736,8.000821113586426,1.7939800024032593
2012-11-28,5.917316913604736,8.033343315124512,1.7906800508499146
2012-11-29,6.000659942626953,8.206805229187012,1.790079951286316
2012-11-30,5.9728779792785645,8.212224006652832,1.7850799560546875
2012-12-03,6.028440475463867,8.233905792236328,1.785580039024353
2012-12-04,6.028440475463867,8.261009216308594,1.7851799726486206
2012-12-05,6.167346477508545,8.36400032043457,1.7840499877929688
2012-12-06,6.250687122344971,8.472412109375,1.7860000133514404
2012-12-07,6.445153713226318,8.732604026794434,1.789080023765564
2012-12-10,6.361810684204102,8.624190330505371,1.7890599966049194
2012-12-11,6.334029197692871,8.597088813781738,1.7879799604415894
2012-12-12,6.222907066345215,8.521200180053711,1.7810800075531006
2012-12-13,6.222907066345215,8.434471130371094,1.7762199640274048
2012-12-14,6.195126056671143,8.439888954162598,1.7805800437927246
2012-12-17,6.195126056671143,8.45073127746582,1.7784700393676758
2012-12-18,6.167346477508545,8.488675117492676,1.7836699485778809
2012-12-19,6.111783504486084,8.374842643737793,1.7786099910736084
2012-12-20,6.222907066345215,8.586247444152832,1.7834700345993042
2012-12-21,6.250687122344971,8.515779495239258,1.7860900163650513
2012-12-24,6.306250095367432,8.515779495239258,1.7932900190353394
2012-12-26,6.222907066345215,8.488675117492676,1.7920000553131104
2012-12-27,6.41737174987793,8.694660186767578,1.7934199571609497
2012-12-28,6.41737174987793,8.700078964233398,1.7880799770355225
2012-12-31,6.41737174987793,8.748866081237793,1.7886799573898315
2013-01-02,6.445153713226318,8.781390190124512,1.7813999652862549
2013-01-03,6.584057807922363,8.922324180603027,1.7777800559997559
2013-01-04,6.528496742248535,8.949426651000977,1.7841999530792236
2013-01-07,6.528496742248535,8.938586235046387,1.7804800271987915
2013-01-08,6.611838340759277,9.014473915100098,1.7791800498962402
2013-01-09,6.695180892944336,9.122886657714844,1.7772799730300903
2013-01-10,6.722960948944092,9.20419692993164,1.77538001537323
2013-01-11,6.8340840339660645,9.372237205505371,1.766379952430725
2013-01-14,6.8340840339660645,9.372237205505371,1.76937997341156
2013-01-15,6.806303024291992,9.323450088500977,1.7680799961090088
2013-01-16,6.945208549499512,9.5348539352417,1.768470048904419
2013-01-17,6.9729905128479,9.62700366973877,1.7636699676513672
2013-01-18,6.806303024291992,9.415600776672363,1.7532700300216675
2013-01-22,6.778522968292236,9.372237205505371,1.7642300128936768
2013-01-23,6.861865043640137,9.410181045532227,1.7678699493408203
2013-01-24,6.806303024291992,9.361392974853516,1.7707699537277222
2013-01-25,6.66740083694458,9.24213981628418,1.7682700157165527
2013-01-28,6.500715255737305,8.954850196838379,1.7667700052261353
2013-01-29,6.584057807922363,9.144570350646973,1.773069977760315
2013-01-30,6.139564514160156,8.477834701538086,1.7672699689865112
2013-01-31,6.08400297164917,8.477834701538086,1.7683199644088745
2013-02-01,6.000659942626953,8.45073127746582,1.7557499408721924
2013-02-04,6.08400297164917,8.439888954162598,1.7483700513839722
2013-02-05,6.08400297164917,8.439888954162598,1.7616699934005737
2013-02-06,6.000659942626953,8.36400032043457,1.7604700326919556
2013-02-07,6.195126056671143,8.57540512084961,1.7688699960708618
2013-02-08,6.306250095367432,8.6458740234375,1.7729699611663818
2013-02-11,6.278467655181885,8.591667175292969,1.7703700065612793
2013-02-12,6.334029197692871,8.656715393066406,1.7748700380325317
2013-02-13,6.250687122344971,8.57540512084961,1.7718700170516968
2013-02-14,6.195126056671143,8.499517440795898,1.7633700370788574
2013-02-15,6.222907066345215,8.532041549682617,1.7676500082015991
2013-02-19,6.445153713226318,8.743443489074707,1.7657999992370605
2013-02-20,6.361810684204102,8.591667175292969,1.7754600048065186
2013-02-21,6.306250095367432,8.597088813781738,1.7845699787139893
2013-02-22,6.445153713226318,8.759706497192383,1.7925699949264526
2013-02-25,6.500715255737305,8.624190330505371,1.7990700006484985
2013-02-26,6.584057807922363,8.851855278015137,1.8102699518203735
2013-02-27,6.611838340759277,8.91690444946289,1.804669976234436
2013-02-28,6.639618396759033,8.949426651000977,1.7959699630737305
2013-03-01,6.611838340759277,8.987373352050781,1.7984700202941895
2013-03-04,6.556276798248291,8.944007873535156,1.7981499433517456
2013-03-05,6.528496742248535,8.841015815734863,1.7972700595855713
2013-03-06,6.556276798248291,8.889801979064941,1.7905700206756592
2013-03-07,6.500715255737305,8.808492660522461,1.7974900007247925
2013-03-08,6.41737174987793,8.748866081237793,1.7967499494552612
2013-03-11,6.41737174987793,8.73802375793457,1.8040900230407715
2013-03-12,6.611838340759277,9.003633499145508,1.798359990119934
2013-03-13,6.750740051269531,9.019896507263184,1.802109956741333
2013-03-14,6.806303024291992,9.13372802734375,1.8114900588989258
2013-03-15,6.750740051269531,9.04157829284668,1.8092700242996216
2013-03-18,6.695180892944336,8.944007873535156,1.8157700300216675
2013-03-19,6.584057807922363,8.808492660522461,1.8122700452804565
2013-03-20,6.66740083694458,8.976530075073242,1.8251700401306152
2013-03-21,6.639618396759033,8.922324180603027,1.8162699937820435
2013-03-22,6.695180892944336,8.960268020629883,1.8171700239181519
2013-03-25,6.639618396759033,8.895220756530762,1.8111200332641602
2013-03-26,6.695180892944336,8.992794036865234,1.8206199407577515
2013-03-27,6.66740083694458,8.92774486541748,1.8127199411392212
2013-03-28,6.750740051269531,9.019896507263184,1.811750054359436
2013-04-01,6.722960948944092,8.981950759887695,1.8090699911117554
2013-04-02,6.750740051269531,9.090364456176758,1.803920030593872
2013-04-03,6.750740051269531,9.046998977661133,1.8026200532913208
2013-04-04,6.806303024291992,9.155411720275879,1.8067200183868408
2013-04-05,6.66740083694458,9.046998977661133,1.8014700412750244
2013-04-08,6.750740051269531,9.171674728393555,1.8016899824142456
2013-04-09,6.695180892944336,9.117466926574707,1.784980058670044
2013-04-10,6.695180892944336,9.182515144348145,1.7829699516296387
2013-04-11,6.639618396759033,9.025315284729004,1.789520025253296
2013-04-12,6.639618396759033,9.009055137634277,1.784060001373291
2013-04-15,6.528496742248535,8.786808013916016,1.7892999649047852
2013-04-16,6.139564514160156,8.412787437438965,1.793470025062561
2013-04-17,6.195126056671143,8.401947975158691,1.7869700193405151
2013-04-18,6.111783504486084,8.19054126739502,1.7983700037002563
2013-04-19,6.028440475463867,8.17970085144043,1.7952699661254883
2013-04-22,6.111783504486084,8.228486061096191,1.8010300397872925
2013-04-23,6.111783504486084,8.261009216308594,1.803920030593872
2013-04-24,6.056220531463623,8.201384544372559,1.8022099733352661
2013-04-25,5.945096492767334,8.07671070098877,1.8021199703216553
2013-04-26,6.000659942626953,8.141757011413574,1.7982699871063232
2013-04-29,6.08400297164917,8.212224006652832,1.7953699827194214
2013-04-30,6.167346477508545,8.466994285583496,1.7936099767684937
2013-05-01,6.167346477508545,8.331478118896484,1.7911100387573242
2013-05-02,6.278467655181885,8.494096755981445,1.7919000387191772
2013-05-03,6.278467655181885,8.488675117492676,1.7930500507354736
2013-05-06,6.306250095367432,8.499517440795898,1.7932100296020508
2013-05-07,6.306250095367432,8.515779495239258,1.7961699962615967
2013-05-08,6.250687122344971,8.532041549682617,1.7961000204086304
2013-05-09,6.195126056671143,8.423628807067871,1.7892199754714966
2013-05-10,6.139564514160156,8.320634841918945,1.7953799962997437
2013-05-13,6.250687122344971,8.374842643737793,1.8026200532913208
2013-05-14,6.41737174987793,8.586247444152832,1.8103200197219849
2013-05-15,6.472934246063232,8.667555809020996,1.8147499561309814
2013-05-16,6.556276798248291,8.797649383544922,1.8220900297164917
2013-05-17,6.639618396759033,8.803071022033691,1.8228199481964111
2013-05-20,6.500715255737305,8.640453338623047,1.8420699834823608
2013-05-21,6.639618396759033,8.835594177246094,1.8404099941253662
2013-05-22,6.500715255737305,8.510358810424805,1.8420699834823608
2013-05-23,6.528496742248535,8.602508544921875,1.8477799892425537
2013-05-24,6.556276798248291,8.602508544921875,1.8457200527191162
2013-05-28,6.778522968292236,8.862698554992676,1.8428699970245361
2013-05-29,6.750740051269531,8.808492660522461,1.8597899675369263
2013-05-30,6.584057807922363,8.591667175292969,1.8607699871063232
2013-05-31,6.41737174987793,8.331478118896484,1.8714100122451782
2013-06-03,6.056220531463623,7.827361583709717,1.8857699632644653
2013-06-04,6.278467655181885,8.103812217712402,1.8836100101470947
2013-06-05,6.139564514160156,7.897829532623291,1.8713300228118896
2013-06-06,5.861755847930908,7.60511589050293,1.8917900323867798
2013-06-07,5.889536380767822,7.626798629760742,1.8922100067138672
2013-06-10,5.861755847930908,7.545489311218262,1.8780299425125122
2013-06-11,5.6672892570495605,7.40455436706543,1.8991700410842896
2013-06-12,6.028440475463867,8.06586742401123,1.8901699781417847
2013-06-13,6.111783504486084,8.044185638427734,1.8736000061035156
2013-06-14,6.222907066345215,8.09839153289795,1.859969973564148
2013-06-17,6.167346477508545,8.022503852844238,1.8770899772644043
2013-06-18,6.139564514160156,7.989978790283203,1.8693000078201294
2013-06-19,6.306250095367432,7.97913932800293,1.8852699995040894
2013-06-20,6.056220531463623,7.632218837738037,1.9023699760437012
2013-06-21,6.056220531463623,7.681005001068115,1.9386999607086182
2013-06-24,5.889536380767822,7.426235198974609,1.9364999532699585
2013-06-25,5.861755847930908,7.512965679168701,1.9441699981689453
2013-06-26,6.111783504486084,7.708108425140381,1.930709958076477
2013-06-27,6.139564514160156,7.827361583709717,1.933769941329956
2013-06-28,6.222907066345215,7.789417266845703,1.9176700115203857
2013-07-01,6.361810684204102,7.995401859283447,1.9285500049591064
2013-07-02,6.306250095367432,7.908670902252197,1.9232699871063232
2013-07-03,6.056220531463623,7.670164585113525,1.9325599670410156
2013-07-05,6.167346477508545,7.767735004425049,1.940999984741211
2013-07-08,6.222907066345215,7.8165202140808105,1.9616700410842896
2013-07-09,6.361810684204102,8.038765907287598,1.9463000297546387
2013-07-10,6.250687122344971,7.865305423736572,1.9399199485778809
2013-07-11,6.195126056671143,7.838201522827148,1.919469952583313
2013-07-12,6.334029197692871,7.97913932800293,1.9490300416946411
2013-07-15,6.472934246063232,8.130916595458984,1.9519200325012207
2013-07-16,6.334029197692871,8.087552070617676,1.9319000244140625
2013-07-17,6.361810684204102,8.158019065856934,1.9197200536727905
2013-07-18,6.361810684204102,8.082128524780273,1.9101999998092651
2013-07-19,6.278467655181885,7.973717212677002,1.920300006866455
2013-07-22,6.250687122344971,8.092972755432129,1.9151999950408936
2013-07-23,6.41737174987793,8.261009216308594,1.910979986190796
2013-07-24,6.334029197692871,8.103812217712402,1.8998099565505981
2013-07-25,6.361810684204102,8.136336326599121,1.9219199419021606
2013-07-26,6.195126056671143,7.984561443328857,1.9213600158691406
2013-07-29,6.250687122344971,7.973717212677002,1.9245200157165527
2013-07-30,6.389592170715332,8.049606323242188,1.9266999959945679
2013-07-31,6.278467655181885,7.908670902252197,1.9224499464035034
2013-08-01,6.250687122344971,7.914091110229492,1.93326997756958
2013-08-02,6.389592170715332,8.092972755432129,1.9451700448989868
2013-08-05,6.41737174987793,8.103812217712402,1.9261800050735474
2013-08-06,6.445153713226318,8.130916595458984,1.9284700155258179
2013-08-07,6.41737174987793,8.120074272155762,1.9255499839782715
2013-08-08,6.445153713226318,8.25558853149414,1.9298700094223022
2013-08-09,6.445153713226318,8.25558853149414,1.921470046043396
2013-08-12,6.445153713226318,8.228486061096191,1.9201799631118774
2013-08-13,6.500715255737305,8.212224006652832,1.9242500066757202
2013-08-14,6.584057807922363,8.250170707702637,1.9315500259399414
2013-08-15,6.556276798248291,8.233905792236328,1.932770013809204
2013-08-16,6.639618396759033,8.298954010009766,1.9319700002670288
2013-08-19,6.528496742248535,8.017082214355469,1.9427200555801392
2013-08-20,6.445153713226318,8.044185638427734,1.9530999660491943
2013-08-21,6.167346477508545,7.653901100158691,1.9479999542236328
2013-08-22,6.167346477508545,7.594274520874023,1.9800000190734863
2013-08-23,6.08400297164917,7.512965679168701,1.9882999658584595
2013-08-26,6.222907066345215,7.572591304779053,1.9896199703216553
2013-08-27,6.028440475463867,7.241935729980469,1.9957200288772583
2013-08-28,5.945096492767334,7.14978551864624,2.0470399856567383
2013-08-29,5.945096492767334,7.171467304229736,2.0284500122070312
2013-08-30,5.945096492767334,7.133522987365723,2.028980016708374
2013-09-03,6.167346477508545,7.296141624450684,2.0184500217437744
2013-09-04,6.000659942626953,7.14978551864624,2.0563199520111084
2013-09-05,5.945096492767334,7.019690036773682,2.047379970550537
2013-09-06,5.889536380767822,7.063055038452148,2.0680201053619385
2013-09-09,6.028440475463867,7.3449273109436035,2.0515999794006348
2013-09-10,6.167346477508545,7.545489311218262,2.024139881134033
2013-09-11,6.167346477508545,7.594274520874023,2.0150399208068848
2013-09-12,6.222907066345215,7.420815467834473,2.0111899375915527
2013-09-13,6.361810684204102,7.691844940185547,2.02620005607605
2013-09-16,6.500715255737305,7.924932479858398,2.0019900798797607
2013-09-17,6.584057807922363,8.022503852844238,2.0002501010894775
2013-09-18,6.556276798248291,8.331478118896484,2.0011401176452637
2013-09-19,6.584057807922363,8.147178649902344,1.9381400346755981
2013-09-20,6.556276798248291,7.995401859283447,1.9601600170135498
2013-09-23,6.556276798248291,7.97913932800293,1.9808100461959839
2013-09-24,6.584057807922363,7.989978790283203,1.9842599630355835
2013-09-25,6.528496742248535,7.903250694274902,1.9950900077819824
2013-09-26,6.500715255737305,7.876147747039795,2.0136899948120117
2013-09-27,6.528496742248535,7.84362268447876,2.0195000171661377
2013-09-30,6.611838340759277,7.995401859283447,2.0381200313568115
2013-10-01,6.750740051269531,8.244747161865234,2.01921010017395
2013-10-02,6.889645099639893,8.45073127746582,2.0085999965667725
2013-10-03,6.9729905128479,8.434471130371094,1.9926799535751343
2013-10-04,7.084112167358398,8.6458740234375,2.00219988822937
2013-10-07,7.056331157684326,8.57540512084961,1.986109972000122
2013-10-09,6.806303024291992,8.439888954162598,1.9870400428771973
2013-10-10,6.861865043640137,8.537461280822754,1.982100009918213
2013-10-11,6.945208549499512,8.635031700134277,1.9749900102615356
2013-10-14,7.00076961517334,8.667555809020996,1.9869400262832642
2013-10-15,6.945208549499512,8.640453338623047,1.9811999797821045
2013-10-16,6.945208549499512,8.694660186767578,1.9844199419021606
2013-10-17,6.945208549499512,8.748866081237793,1.9736900329589844
2013-10-18,6.945208549499512,8.786808013916016,1.9660700559616089
2013-10-21,7.056331157684326,8.66213607788086,1.9690899848937988
2013-10-22,7.084112167358398,8.808492660522461,1.9789899587631226
2013-10-23,6.9729905128479,8.640453338623047,1.9668200016021729
2013-10-24,7.056331157684326,8.743443489074707,1.9737800359725952
2013-10-25,7.084112167358398,8.710921287536621,1.9795700311660767
2013-10-28,6.9729905128479,8.689239501953125,1.9815399646759033
2013-10-29,6.9729905128479,8.62961196899414,1.9823100566864014
2013-10-30,6.889645099639893,8.537461280822754,1.9901000261306763
2013-10-31,6.889645099639893,8.477834701538086,1.9928900003433228
2013-11-01,6.806303024291992,8.212224006652832,1.9959900379180908
2013-11-04,6.8340840339660645,8.288111686706543,2.0152900218963623
2013-11-05,6.889645099639893,8.282692909240723,2.0146899223327637
2013-11-06,7.028550624847412,8.374842643737793,2.028899908065796
2013-11-07,6.917428016662598,8.228486061096191,2.0342600345611572
2013-11-08,6.66740083694458,8.05502700805664,2.0346899032592773
2013-11-11,6.472934246063232,7.800259590148926,2.038789987564087
2013-11-12,6.528496742248535,7.691844940185547,2.0419399738311768
2013-11-13,6.472934246063232,7.740632057189941,2.0530099868774414
2013-11-14,6.611838340759277,7.9466142654418945,2.0415899753570557
2013-11-15,6.778522968292236,8.163439750671387,2.03439998626709
2013-11-18,6.861865043640137,8.217644691467285,2.0301599502563477
2013-11-19,6.750740051269531,8.163439750671387,2.0203299522399902
2013-11-20,6.8340840339660645,8.168859481811523,2.0093400478363037
2013-11-21,6.750740051269531,8.087552070617676,2.0146400928497314
2013-11-22,6.806303024291992,8.271851539611816,2.0151400566101074
2013-11-25,6.8340840339660645,8.250170707702637,2.007309913635254
2013-11-26,6.750740051269531,8.152597427368164,2.006309986114502
2013-11-27,6.778522968292236,8.217644691467285,2.0109899044036865
2013-11-29,6.806303024291992,8.304374694824219,2.013000011444092
2013-12-02,6.806303024291992,8.223066329956055,2.018929958343506
2013-12-03,6.8340840339660645,8.125494956970215,2.038059949874878
2013-12-04,6.639618396759033,7.935773849487305,2.042109966278076
2013-12-05,6.556276798248291,7.854465007781982,2.047339916229248
2013-12-06,6.639618396759033,8.022503852844238,2.035099983215332
2013-12-09,6.750740051269531,8.082128524780273,2.024049997329712
2013-12-10,6.750740051269531,8.103812217712402,2.0312600135803223
2013-12-11,6.695180892944336,7.973717212677002,2.0257999897003174
2013-12-12,6.66740083694458,7.962876796722412,2.042409896850586
2013-12-13,6.722960948944092,7.995401859283447,2.042069911956787
2013-12-16,6.722960948944092,8.060447692871094,2.0416200160980225
2013-12-17,6.445153713226318,7.756892681121826,2.026400089263916
2013-12-18,6.639618396759033,7.957456588745117,2.0348598957061768
2013-12-19,6.639618396759033,7.876147747039795,2.055299997329712
2013-12-20,6.584057807922363,7.681005001068115,2.0718700885772705
2013-12-23,6.472934246063232,7.594274520874023,2.090100049972534
2013-12-24,6.445153713226318,7.697267055511475,2.097209930419922
2013-12-26,6.250687122344971,7.203991413116455,2.095289945602417
2013-12-27,6.250687122344971,7.166048049926758,2.122030019760132
2013-12-30,6.445153713226318,7.464181423187256,2.1549999713897705
2013-12-31,6.306250095367432,7.236515522003174,2.1205599308013916
2014-01-02,6.222907066345215,7.030533313751221,2.146399974822998
2014-01-03,6.111783504486084,6.900437355041504,2.1686699390411377
2014-01-06,6.172900199890137,6.9438018798828125,2.1749000549316406
2014-01-07,6.261798858642578,7.133522987365723,2.1695799827575684
2014-01-08,6.161789417266846,6.976325988769531,2.1659700870513916
2014-01-09,6.139564514160156,6.938381195068359,2.1834700107574463
2014-01-10,6.211794853210449,7.019690036773682,2.1769700050354004
2014-01-13,6.37847900390625,7.090158462524414,2.163749933242798
2014-01-14,6.29513692855835,7.019690036773682,2.1784300804138184
2014-01-15,6.278467655181885,7.008849143981934,2.1819698810577393
2014-01-16,6.167346477508545,6.857072353363037,2.189069986343384
2014-01-17,6.200682640075684,6.873334884643555,2.2062699794769287
2014-01-21,6.367366790771484,6.927539825439453,2.2386701107025146
2014-01-22,6.372921943664551,6.949222087860107,2.251270055770874
2014-01-23,6.267354488372803,6.748660087585449,2.258270025253296
2014-01-24,6.3284735679626465,6.613144874572754,2.2902700901031494
2014-01-27,6.200682640075684,6.67277193069458,2.329770088195801
2014-01-28,5.9895477294921875,6.537256240844727,2.2797698974609375
2014-01-29,6.022884845733643,6.548097610473633,2.185770034790039
2014-01-30,6.161789417266846,6.694453716278076,2.2593600749969482
2014-01-31,6.189570426940918,6.748660087585449,2.2637500762939453
2014-02-03,6.245131492614746,6.678192138671875,2.2598700523376465
2014-02-04,6.211794853210449,6.813708305358887,2.276520013809204
2014-02-05,6.117339611053467,6.7161359786987305,2.2358999252319336
2014-02-06,6.195126056671143,6.895015716552734,2.2365500926971436
2014-02-07,6.27291202545166,6.965485572814941,2.207469940185547
2014-02-10,6.27291202545166,6.927539825439453,2.2182300090789795
2014-02-11,6.239574432373047,7.041373252868652,2.2115700244903564
2014-02-12,6.428483963012695,7.155205726623535,2.1919898986816406
2014-02-13,6.250687122344971,7.019690036773682,2.187570095062256
2014-02-14,6.3284735679626465,7.122682571411133,2.182990074157715
2014-02-18,6.29513692855835,7.052215099334717,2.1760900020599365
2014-02-19,6.350698471069336,7.111840724945068,2.1771700382232666
2014-02-20,6.41737174987793,7.14978551864624,2.2117600440979004
2014-02-21,6.428483963012695,7.209412574768066,2.1991000175476074
2014-02-24,6.450709342956543,7.1172614097595215,2.1768600940704346
2014-02-25,6.3284735679626465,6.98174524307251,2.2000699043273926
2014-02-26,6.228463649749756,6.813708305358887,2.211250066757202
2014-02-27,6.306250095367432,6.998007774353027,2.2329299449920654
2014-02-28,6.400704860687256,7.079317569732666,2.2108700275421143
2014-03-03,6.111783504486084,6.7161359786987305,2.227760076522827
2014-03-04,6.178458213806152,6.857072353363037,2.227570056915283
2014-03-05,6.1840128898620605,6.829969882965088,2.2051799297332764
2014-03-06,6.195126056671143,6.895015716552734,2.201669931411743
2014-03-07,6.106226444244385,6.829969882965088,2.178410053253174
2014-03-10,6.000659942626953,6.656510353088379,2.2028698921203613
2014-03-11,6.000659942626953,6.542675971984863,2.2177700996398926
2014-03-12,6.056220531463623,6.640246868133545,2.243459939956665
2014-03-13,6.08400297164917,6.596883296966553,2.23157000541687
2014-03-14,6.000659942626953,6.613144874572754,2.233259916305542
2014-03-17,6.111783504486084,6.764920711517334,2.2207601070404053
2014-03-18,6.139564514160156,6.802866458892822,2.2185699939727783
2014-03-19,6.111783504486084,6.67277193069458,2.216670036315918
2014-03-20,6.056220531463623,6.67277193069458,2.2376298904418945
2014-03-21,6.056220531463623,6.629405975341797,2.2303600311279297
2014-03-24,6.111783504486084,6.705294132232666,2.234999895095825
2014-03-25,6.167346477508545,6.775763511657715,2.2361600399017334
2014-03-26,6.334029197692871,7.003428936004639,2.215480089187622
2014-03-27,6.472934246063232,7.1281023025512695,2.1905100345611572
2014-03-28,6.639618396759033,7.334085464477539,2.1836700439453125
2014-03-31,6.639618396759033,7.464181423187256,2.1757800579071045
2014-04-01,6.750740051269531,7.653901100158691,2.1373701095581055
2014-04-02,6.750740051269531,7.718949794769287,2.1365699768066406
2014-04-03,6.8340840339660645,7.811100006103516,2.1266698837280273
2014-04-04,6.861865043640137,7.805677890777588,2.1325700283050537
2014-04-07,6.722960948944092,7.756892681121826,2.112260103225708
2014-04-08,6.806303024291992,7.865305423736572,2.1107099056243896
2014-04-09,6.584057807922363,7.63763952255249,2.0933001041412354
2014-04-10,6.639618396759033,7.60511589050293,2.101409912109375
2014-04-11,6.584057807922363,7.556331634521484,2.110179901123047
2014-04-14,6.639618396759033,7.632218837738037,2.11641001701355
2014-04-15,6.611838340759277,7.5292277336120605,2.1211700439453125
2014-04-16,6.556276798248291,7.5292277336120605,2.1419599056243896
2014-04-17,6.639618396759033,7.610537052154541,2.1348299980163574
2014-04-21,6.639618396759033,7.599695682525635,2.12992000579834
2014-04-22,6.584057807922363,7.5346479415893555,2.1325600147247314
2014-04-23,6.584057807922363,7.431656837463379,2.141350030899048
2014-04-24,6.389592170715332,7.317824363708496,2.1509900093078613
2014-04-25,6.556276798248291,7.485863208770752,2.1339499950408936
2014-04-28,6.8340840339660645,7.789417266845703,2.1352200508117676
2014-04-29,6.806303024291992,7.778576374053955,2.1275599002838135
2014-04-30,6.8340840339660645,7.849042892456055,2.121000051498413
2014-05-01,6.8340840339660645,7.962876796722412,2.1110799312591553
2014-05-02,6.8340840339660645,7.8924102783203125,2.1058599948883057
2014-05-05,6.778522968292236,7.8924102783203125,2.1039700508117676
2014-05-06,6.695180892944336,7.789417266845703,2.0991899967193604
2014-05-07,6.806303024291992,7.935773849487305,2.0891900062561035
2014-05-08,6.778522968292236,7.924932479858398,2.080579996109009
2014-05-09,6.806303024291992,7.973717212677002,2.075860023498535
2014-05-12,6.889645099639893,8.05502700805664,2.075269937515259
2014-05-13,6.917428016662598,8.109233856201172,2.0806798934936523
2014-05-14,6.917428016662598,8.087552070617676,2.067389965057373
2014-05-15,6.8340840339660645,7.897829532623291,2.0706799030303955
2014-05-16,6.889645099639893,7.973717212677002,2.0981900691986084
2014-05-19,6.889645099639893,8.022503852844238,2.0964300632476807
2014-05-20,6.806303024291992,7.8165202140808105,2.0950100421905518
2014-05-21,6.9729905128479,8.0712890625,2.111569881439209
2014-05-22,7.028550624847412,8.239328384399414,2.0929598808288574
2014-05-23,7.056331157684326,8.228486061096191,2.081279993057251
2014-05-27,6.889645099639893,7.9520344734191895,2.082429885864258
2014-05-28,6.861865043640137,7.957456588745117,2.100830078125
2014-05-29,6.889645099639893,8.038765907287598,2.0972700119018555
2014-05-30,7.306357383728027,8.401947975158691,2.0871899127960205
2014-06-02,7.195234775543213,8.282692909240723,2.0954198837280273
2014-06-03,7.195234775543213,8.261009216308594,2.1070098876953125
2014-06-04,7.139674186706543,8.1851224899292,2.116990089416504
2014-06-05,7.028550624847412,8.130916595458984,2.1143898963928223
2014-06-06,7.306357383728027,8.532041549682617,2.0973598957061768
2014-06-09,7.195234775543213,8.391103744506836,2.077199935913086
2014-06-10,7.334138870239258,8.613349914550781,2.0858700275421143
2014-06-11,7.306357383728027,8.38026237487793,2.0786800384521484
2014-06-12,7.500824928283691,8.635031700134277,2.1131300926208496
2014-06-13,7.500824928283691,8.613349914550781,2.1111700534820557
2014-06-16,7.389699459075928,8.391103744506836,2.123159885406494
2014-06-17,7.334138870239258,8.315216064453125,2.142469882965088
2014-06-18,7.27857780456543,8.391103744506836,2.149009943008423
2014-06-19,7.306357383728027,8.320634841918945,2.1233201026916504
2014-06-20,7.27857780456543,8.320634841918945,2.140170097351074
2014-06-23,7.250796318054199,8.298954010009766,2.1428799629211426
2014-06-24,7.306357383728027,8.315216064453125,2.1356101036071777
2014-06-25,7.306357383728027,8.347739219665527,2.141390085220337
2014-06-26,7.223015308380127,8.35858154296875,2.1294798851013184
2014-06-27,7.334138870239258,8.483255386352539,2.1251699924468994
2014-06-30,7.3619208335876465,8.456153869628906,2.12349009513855
2014-07-01,7.084112167358398,8.1851224899292,2.117300033569336
2014-07-02,7.056331157684326,8.114653587341309,2.128070116043091
2014-07-03,7.028550624847412,8.0712890625,2.1293299198150635
2014-07-07,7.195234775543213,8.261009216308594,2.1321001052856445
2014-07-08,7.250796318054199,8.391103744506836,2.128469944000244
2014-07-09,7.139674186706543,8.261009216308594,2.1238999366760254
2014-07-10,6.9729905128479,8.087552070617676,2.114880084991455
2014-07-11,6.917428016662598,8.033343315124512,2.1226799488067627
2014-07-14,7.111892223358154,8.223066329956055,2.1190199851989746
2014-07-15,7.139674186706543,8.27727222442627,2.1159799098968506
2014-07-16,7.250796318054199,8.35858154296875,2.123379945755005
2014-07-17,7.306357383728027,8.36400032043457,2.1204800605773926
2014-07-18,7.27857780456543,8.412787437438965,2.139820098876953
2014-07-21,7.334138870239258,8.45073127746582,2.1247799396514893
2014-07-22,7.334138870239258,8.466994285583496,2.1176700592041016
2014-07-23,7.306357383728027,8.510358810424805,2.105870008468628
2014-07-24,7.27857780456543,8.483255386352539,2.0875799655914307
2014-07-25,7.584167957305908,8.770547866821289,2.090240001678467
2014-07-28,7.584167957305908,8.998215675354004,2.093100070953369
2014-07-29,7.584167957305908,8.965691566467285,2.098180055618286
2014-07-30,7.584167957305908,8.906063079833984,2.1122100353240967
2014-07-31,7.778632164001465,8.857276916503906,2.1313700675964355
2014-08-01,7.723071098327637,8.819332122802734,2.1400699615478516
2014-08-04,7.639728546142578,8.835594177246094,2.130389928817749
2014-08-05,7.611948490142822,8.700078964233398,2.129699945449829
2014-08-06,7.556386947631836,8.569985389709473,2.151510000228882
2014-08-07,7.3619208335876465,8.288111686706543,2.158519983291626
2014-08-08,7.167454719543457,8.239328384399414,2.167870044708252
2014-08-11,7.028550624847412,8.049606323242188,2.1372499465942383
2014-08-12,7.084112167358398,8.05502700805664,2.149169921875
2014-08-13,7.084112167358398,8.038765907287598,2.1634700298309326
2014-08-14,7.056331157684326,7.989978790283203,2.155179977416992
2014-08-15,7.00076961517334,7.897829532623291,2.1520800590515137
2014-08-18,7.056331157684326,8.060447692871094,2.165800094604492
2014-08-19,7.084112167358398,8.049606323242188,2.16336989402771
2014-08-20,7.084112167358398,7.973717212677002,2.162600040435791
2014-08-21,7.111892223358154,7.973717212677002,2.1824700832366943
2014-08-22,7.084112167358398,7.941193103790283,2.176680088043213
2014-08-25,7.084112167358398,7.984561443328857,2.1792500019073486
2014-08-26,7.084112167358398,8.006242752075195,2.178679943084717
2014-08-27,7.028550624847412,8.027925491333008,2.1648199558258057
2014-08-28,7.084112167358398,7.984561443328857,2.1533799171447754
2014-08-29,7.028550624847412,8.000821113586426,2.157180070877075
2014-09-02,7.056331157684326,7.903250694274902,2.158560037612915
2014-09-03,7.195234775543213,8.152597427368164,2.1727399826049805
2014-09-04,7.195234775543213,8.125494956970215,2.15775990486145
2014-09-05,7.223015308380127,8.217644691467285,2.1628201007843018
2014-09-08,7.195234775543213,8.09839153289795,2.157560110092163
2014-09-09,7.056331157684326,7.859884262084961,2.172450065612793
2014-09-10,7.028550624847412,7.8707275390625,2.1960299015045166
2014-09-11,6.9729905128479,7.800259590148926,2.1923699378967285
2014-09-12,6.806303024291992,7.5346479415893555,2.1986000537872314
2014-09-15,6.8340840339660645,7.550909519195557,2.2203500270843506
2014-09-16,6.945208549499512,7.735210418701172,2.2127699851989746
2014-09-17,6.917428016662598,7.643059730529785,2.2031800746917725
2014-09-18,6.750740051269531,7.447918891906738,2.225059986114502
2014-09-19,6.695180892944336,7.274459362030029,2.224220037460327
2014-09-22,6.66740083694458,7.279880523681641,2.2344300746917725
2014-09-23,6.639618396759033,7.241935729980469,2.2400801181793213
2014-09-24,6.611838340759277,7.279880523681641,2.237070083618164
2014-09-25,6.556276798248291,7.1281023025512695,2.236949920654297
2014-09-26,6.584057807922363,7.138943672180176,2.259730100631714
2014-09-29,6.556276798248291,7.035951614379883,2.2639598846435547
2014-09-30,6.611838340759277,7.122682571411133,2.2794299125671387
2014-10-01,6.500715255737305,6.97090482711792,2.277780055999756
2014-10-02,6.584057807922363,7.079317569732666,2.283220052719116
2014-10-03,6.584057807922363,7.041373252868652,2.267270088195801
2014-10-06,6.584057807922363,7.090158462524414,2.2933199405670166
2014-10-07,6.584057807922363,7.068475723266602,2.266580104827881
2014-10-08,6.528496742248535,7.095579624176025,2.2740700244903564
2014-10-09,6.695180892944336,7.160626411437988,2.2619500160217285
2014-10-10,6.611838340759277,6.987165927886963,2.2699899673461914
2014-10-13,6.66740083694458,7.1172614097595215,2.2843799591064453
2014-10-14,6.639618396759033,7.079317569732666,2.270359992980957
2014-10-15,6.639618396759033,7.166048049926758,2.273289918899536
2014-10-16,6.584057807922363,7.182308673858643,2.2695701122283936
2014-10-17,6.66740083694458,7.258199214935303,2.260859966278076
2014-10-20,6.639618396759033,7.301562309265137,2.244839906692505
2014-10-21,6.722960948944092,7.323245048522949,2.243259906768799
2014-10-22,6.8340840339660645,7.431656837463379,2.243839979171753
2014-10-23,6.889645099639893,7.550909519195557,2.2452399730682373
2014-10-24,6.945208549499512,7.653901100158691,2.2350499629974365
2014-10-27,6.945208549499512,7.588855266571045,2.230910062789917
2014-10-28,6.9729905128479,7.740632057189941,2.229569911956787
2014-10-29,6.9729905128479,7.735210418701172,2.2060298919677734
2014-10-30,7.111892223358154,7.886988162994385,2.2144999504089355
2014-10-31,7.167454719543457,7.930352687835693,2.198539972305298
2014-11-03,7.084112167358398,7.773154258728027,2.227260112762451
2014-11-04,7.139674186706543,7.805677890777588,2.2329599857330322
2014-11-05,7.139674186706543,7.746052265167236,2.220720052719116
2014-11-06,7.111892223358154,7.653901100158691,2.2437899112701416
2014-11-07,7.056331157684326,7.615958213806152,2.266160011291504
2014-11-10,7.056331157684326,7.648481845855713,2.2559800148010254
2014-11-11,7.084112167358398,7.659321308135986,2.25819993019104
2014-11-12,7.167454719543457,7.751472473144531,2.2554900646209717
2014-11-13,7.167454719543457,7.740632057189941,2.2506299018859863
2014-11-14,7.195234775543213,7.84362268447876,2.242460012435913
2014-11-17,7.306357383728027,7.962876796722412,2.229480028152466
2014-11-18,7.334138870239258,8.087552070617676,2.229979991912842
2014-11-19,7.417481899261475,8.060447692871094,2.220439910888672
2014-11-20,7.639728546142578,8.342320442199707,2.2309999465942383
2014-11-21,7.723071098327637,8.439888954162598,2.22025990486145
2014-11-24,7.750850677490234,8.504937171936035,2.220979928970337
2014-11-25,7.778632164001465,8.559144020080566,2.228800058364868
2014-11-26,7.723071098327637,8.559144020080566,2.218369960784912
2014-11-28,7.806414604187012,8.602508544921875,2.205780029296875
2014-12-01,7.806414604187012,8.700078964233398,2.219399929046631
2014-12-02,8.084222793579102,8.792231559753418,2.213469982147217
2014-12-03,8.028660774230957,8.689239501953125,2.2295100688934326
2014-12-04,8.195345878601074,8.922324180603027,2.2383599281311035
2014-12-05,8.056442260742188,8.678397178649902,2.2332799434661865
2014-12-08,8.112003326416016,8.667555809020996,2.258929967880249
2014-12-09,8.112003326416016,8.732604026794434,2.2675700187683105
2014-12-10,8.084222793579102,8.591667175292969,2.2649600505828857
2014-12-11,8.000880241394043,8.494096755981445,2.2647500038146973
2014-12-12,7.750850677490234,8.168859481811523,2.279939889907837
2014-12-15,7.611948490142822,7.83278226852417,2.302309989929199
2014-12-16,7.3619208335876465,7.63763952255249,2.354749917984009
2014-12-17,7.500824928283691,7.9195122718811035,2.3595499992370605
2014-12-18,7.667510032653809,8.07671070098877,2.3357300758361816
2014-12-19,7.723071098327637,8.109233856201172,2.3216700553894043
2014-12-22,7.750850677490234,8.168859481811523,2.312649965286255
2014-12-23,7.667510032653809,8.09839153289795,2.3127100467681885
2014-12-24,7.695290565490723,8.082128524780273,2.318660020828247
2014-12-26,7.778632164001465,8.168859481811523,2.317739963531494
2014-12-29,7.695290565490723,8.103812217712402,2.319770097732544
2014-12-30,7.778632164001465,8.125494956970215,2.3167600631713867
2014-12-31,7.94531774520874,8.195961952209473,2.32273006439209
2015-01-02,7.834194660186768,8.130916595458984,2.330980062484741
2015-01-05,7.9731011390686035,8.244747161865234,2.34224009513855
2015-01-06,7.94531774520874,8.315216064453125,2.330749988555908
2015-01-07,7.94531774520874,8.331478118896484,2.3236100673675537
2015-01-08,7.94531774520874,8.396525382995605,2.3175699710845947
2015-01-09,8.028660774230957,8.504937171936035,2.2981998920440674
2015-01-12,7.9731011390686035,8.445311546325684,2.2927699089050293
2015-01-13,8.278688430786133,8.781390190124512,2.2842700481414795
2015-01-14,8.195345878601074,8.792231559753418,2.282370090484619
2015-01-15,8.306468963623047,8.651293754577637,2.281219959259033
2015-01-16,8.334248542785645,8.73802375793457,2.3053200244903564
2015-01-20,8.389809608459473,8.732604026794434,2.331860065460205
2015-01-21,8.667619705200195,8.954850196838379,2.3454599380493164
2015-01-22,8.528715133666992,8.911483764648438,2.3489699363708496
2015-01-23,8.223126411437988,8.510358810424805,2.3262600898742676
2015-01-26,8.056442260742188,8.293535232543945,2.36296010017395
2015-01-27,8.000880241394043,8.239328384399414,2.3560099601745605
2015-01-28,7.917538166046143,8.022503852844238,2.363140106201172
2015-01-29,7.889756679534912,7.995401859283447,2.3869199752807617
2015-01-30,7.834194660186768,7.827361583709717,2.415489912033081
2015-02-02,7.94531774520874,7.962876796722412,2.440200090408325
2015-02-03,7.806414604187012,7.9195122718811035,2.430759906768799
2015-02-04,7.778632164001465,7.691844940185547,2.40159010887146
2015-02-05,7.750850677490234,7.8165202140808105,2.459939956665039
2015-02-06,7.94531774520874,7.7948384284973145,2.435810089111328
2015-02-09,7.861976146697998,7.724369049072266,2.4717600345611572
2015-02-10,7.806414604187012,7.7623138427734375,2.4747300148010254
2015-02-11,8.195345878601074,7.957456588745117,2.494309902191162
2015-02-12,8.223126411437988,8.011661529541016,2.498110055923462
2015-02-13,7.861976146697998,7.735210418701172,2.4674999713897705
2015-02-17,7.611948490142822,7.60511589050293,2.454859972000122
2015-02-18,7.639728546142578,7.648481845855713,2.4514999389648438
2015-02-19,7.750850677490234,7.697267055511475,2.443310022354126
2015-02-20,7.667510032653809,7.681005001068115,2.453200101852417
2015-02-23,7.750850677490234,7.599695682525635,2.452500104904175
2015-02-24,7.667510032653809,7.550909519195557,2.471820116043091
2015-02-25,7.584167957305908,7.453338623046875,2.4628500938415527
2015-02-26,7.500824928283691,7.317824363708496,2.4872000217437744
2015-02-27,7.306357383728027,7.138943672180176,2.504470109939575
2015-03-02,7.306357383728027,7.046792030334473,2.506089925765991
2015-03-03,7.195234775543213,6.927539825439453,2.520709991455078
2015-03-04,7.028550624847412,6.759501934051514,2.53262996673584
2015-03-05,7.084112167358398,6.651089668273926,2.5620200634002686
2015-03-06,7.028550624847412,6.548097610473633,2.6057300567626953
2015-03-09,7.056331157684326,6.613144874572754,2.6226999759674072
2015-03-10,6.917428016662598,6.374638080596924,2.6031200885772705
2015-03-11,6.945208549499512,6.461368083953857,2.6362900733947754
2015-03-12,7.028550624847412,6.602304458618164,2.6112399101257324
2015-03-13,7.00076961517334,6.483049392700195,2.5859899520874023
2015-03-16,6.9729905128479,6.477628231048584,2.629879951477051
2015-03-17,7.167454719543457,6.667352199554443,2.622889995574951
2015-03-18,7.028550624847412,6.694453716278076,2.6107499599456787
2015-03-19,7.167454719543457,6.678192138671875,2.5696499347686768
2015-03-20,7.167454719543457,6.775763511657715,2.602289915084839
2015-03-23,7.3619208335876465,7.008849143981934,2.5772199630737305
2015-03-24,7.223015308380127,6.829969882965088,2.540570020675659
2015-03-25,7.611948490142822,7.241935729980469,2.5554299354553223
2015-03-26,7.473043441772461,6.976325988769531,2.5859899520874023
2015-03-27,7.445262908935547,6.98174524307251,2.6029999256134033
2015-03-30,7.473043441772461,7.019690036773682,2.6113998889923096
2015-03-31,7.473043441772461,7.063055038452148,2.60260009765625
2015-04-01,7.473043441772461,7.111128807067871,2.5959599018096924
2015-04-02,7.417481899261475,7.161075592041016,2.596859931945801
2015-04-06,7.486433506011963,7.136101722717285,2.566270112991333
2015-04-07,7.294472694396973,6.905099391937256,2.570580005645752
2015-04-08,7.134506702423096,6.736530303955078,2.600939989089966
2015-04-09,7.198493957519531,6.755259037017822,2.59768009185791
2015-04-10,7.294472694396973,6.805207252502441,2.618769884109497
2015-04-13,7.262481689453125,6.692825794219971,2.626620054244995
2015-04-14,7.230485916137695,6.642881870269775,2.6681900024414062
2015-04-15,7.230485916137695,6.574204444885254,2.6868999004364014
2015-04-16,7.3264665603637695,6.692825794219971,2.6975600719451904
2015-04-17,7.35845947265625,6.717801570892334,2.680619955062866
2015-04-20,7.3264665603637695,6.6491241455078125,2.6809298992156982
2015-04-21,7.454439640045166,6.761501789093018,2.6955299377441406
2015-04-22,7.486433506011963,6.805207252502441,2.6844699382781982
2015-04-23,7.486433506011963,6.842668056488037,2.7123000621795654
2015-04-24,7.710385322570801,6.980020523071289,2.7034499645233154
2015-04-27,7.774369716644287,7.098642349243164,2.7196600437164307
2015-04-28,7.8383588790893555,7.167318820953369,2.6773200035095215
2015-04-29,7.934337615966797,7.198534965515137,2.657259941101074
2015-04-30,7.614407062530518,6.905099391937256,2.656749963760376
2015-05-01,7.614407062530518,6.923830509185791,2.6734800338745117
2015-05-04,7.4224467277526855,6.730286598205566,2.711280107498169
2015-05-05,7.4224467277526855,6.724043369293213,2.7133500576019287
2015-05-06,7.454439640045166,6.749017715454102,2.705080032348633
2015-05-07,7.678393363952637,6.967531681060791,2.693589925765991
2015-05-08,7.806365013122559,7.0549397468566895,2.6877501010894775
2015-05-11,7.934337615966797,7.1922926902771,2.690999984741211
2015-05-12,7.966333389282227,7.267210960388184,2.6924901008605957
2015-05-13,7.966333389282227,7.32340145111084,2.660099983215332
2015-05-14,7.966333389282227,7.504457473754883,2.629689931869507
2015-05-15,7.966333389282227,7.498213291168213,2.5910398960113525
2015-05-18,7.870352268218994,7.373346328735352,2.576119899749756
2015-05-19,7.870352268218994,7.3920769691467285,2.582200050354004
2015-05-20,7.646399021148682,7.2609686851501465,2.591020107269287
2015-05-21,7.7423787117004395,7.254725456237793,2.5782198905944824
2015-05-22,7.806365013122559,7.285940170288086,2.59089994430542
2015-05-26,7.646399021148682,7.0923991203308105,2.614449977874756
2015-05-27,7.582413673400879,7.061182498931885,2.637079954147339
2015-05-28,7.550419807434082,7.004992961883545,2.641079902648926
2015-05-29,7.4224467277526855,6.880126953125,2.6553099155426025
2015-06-01,7.4224467277526855,6.8114495277404785,2.6595699787139893
2015-06-02,7.518427848815918,6.8738837242126465,2.6808199882507324
2015-06-03,7.806365013122559,7.0549397468566895,2.6721599102020264
2015-06-04,7.8383588790893555,7.111128807067871,2.684530019760132
2015-06-05,7.8383588790893555,7.073668479919434,2.6688199043273926
2015-06-08,7.518427848815918,6.7053141593933105,2.7522900104522705
2015-06-09,7.518427848815918,6.692825794219971,2.7501800060272217
2015-06-10,7.582413673400879,6.805207252502441,2.7506399154663086
2015-06-11,7.646399021148682,6.905099391937256,2.7324299812316895
2015-06-12,7.710385322570801,6.892612934112549,2.7029099464416504
2015-06-15,7.550419807434082,6.692825794219971,2.716140031814575
2015-06-16,7.614407062530518,6.767747402191162,2.735729932785034
2015-06-17,7.678393363952637,6.917586803436279,2.73334002494812
2015-06-18,7.774369716644287,7.0674262046813965,2.7107698917388916
2015-06-19,7.806365013122559,7.111128807067871,2.714560031890869
2015-06-22,7.966333389282227,7.329644680023193,2.6933701038360596
2015-06-23,8.062312126159668,7.354616641998291,2.667180061340332
2015-06-24,8.094305992126465,7.310915470123291,2.6764800548553467
2015-06-25,8.094305992126465,7.3671040534973145,2.6774799823760986
2015-06-26,8.062312126159668,7.285940170288086,2.6539299488067627
2015-06-29,7.8383588790893555,7.036208152770996,2.6986498832702637
2015-06-30,7.902346134185791,7.173560619354248,2.7032999992370605
2015-07-01,7.870352268218994,7.1236162185668945,2.681030035018921
2015-07-02,7.966333389282227,7.223508834838867,2.691610097885132
2015-07-06,8.062312126159668,7.329644680023193,2.7152199745178223
2015-07-07,7.998325824737549,7.32340145111084,2.6793100833892822
2015-07-08,7.774369716644287,7.004992961883545,2.686530113220215
2015-07-09,7.998325824737549,7.229751110076904,2.6844699382781982
2015-07-10,8.030320167541504,7.354616641998291,2.674269914627075
2015-07-13,8.094305992126465,7.423294544219971,2.668489933013916
2015-07-14,8.030320167541504,7.429537773132324,2.6459898948669434
2015-07-15,7.966333389282227,7.254725456237793,2.631319999694824
2015-07-16,7.998325824737549,7.342132568359375,2.6464500427246094
2015-07-17,7.998325824737549,7.32340145111084,2.6570301055908203
2015-07-20,7.934337615966797,7.204779148101807,2.656630039215088
2015-07-21,8.062312126159668,7.267210960388184,2.693700075149536
2015-07-22,8.062312126159668,7.279697895050049,2.6839399337768555
2015-07-23,7.806365013122559,6.992505073547363,2.7066900730133057
2015-07-24,7.902346134185791,6.967531681060791,2.7330501079559326
2015-07-27,7.678393363952637,6.767747402191162,2.744189977645874
2015-07-28,7.934337615966797,6.986262321472168,2.7681798934936523
2015-07-29,7.870352268218994,6.923830509185791,2.7572999000549316
2015-07-30,7.966333389282227,7.142343521118164,2.7657599449157715
2015-07-31,8.126298904418945,7.167318820953369,2.7876598834991455
2015-08-03,7.870352268218994,6.892612934112549,2.7670700550079346
2015-08-04,7.966333389282227,6.961288928985596,2.777329921722412
2015-08-05,7.934337615966797,6.936316013336182,2.779400110244751
2015-08-06,7.806365013122559,6.8738837242126465,2.7850399017333984
2015-08-07,7.710385322570801,6.817692756652832,2.775279998779297
2015-08-10,7.646399021148682,6.773990631103516,2.779670000076294
2015-08-11,7.678393363952637,6.7989630699157715,2.766900062561035
2015-08-12,7.646399021148682,6.773990631103516,2.7785799503326416
2015-08-13,7.550419807434082,6.555473804473877,2.7753500938415527
2015-08-14,7.614407062530518,6.586691379547119,2.8230600357055664
2015-08-17,7.646399021148682,6.5617170333862305,2.8320000171661377
2015-08-18,7.582413673400879,6.461824417114258,2.8687500953674316
2015-08-19,7.550419807434082,6.336958408355713,2.891319990158081
2015-08-20,7.518427848815918,6.2932538986206055,2.9261999130249023
2015-08-21,7.35845947265625,6.099714279174805,2.916640043258667
2015-08-24,7.006534099578857,5.750086784362793,2.954200029373169
2015-08-25,7.102514743804932,5.8125200271606445,2.946959972381592
2015-08-26,7.294472694396973,6.068497180938721,2.940500020980835
2015-08-27,7.3264665603637695,6.187119007110596,2.927449941635132
2015-08-28,7.3264665603637695,6.105955600738525,2.90939998626709
2015-08-31,7.294472694396973,6.093469619750977,2.9180500507354736
2015-09-01,7.198493957519531,5.987334251403809,2.915950059890747
2015-09-02,7.198493957519531,6.01854944229126,2.9318900108337402
2015-09-03,7.070520401000977,5.818762302398682,2.941740036010742
2015-09-04,7.102514743804932,5.712627410888672,2.9702999591827393
2015-09-08,7.006534099578857,5.668924808502197,3.0300400257110596
2015-09-09,6.94254732131958,5.500356674194336,3.0090999603271484
2015-09-10,6.878559112548828,5.506597995758057,3.0465500354766846
2015-09-11,6.814572811126709,5.506597995758057,3.017280101776123
2015-09-14,6.782578945159912,5.481626033782959,3.035799980163574
2015-09-15,6.910552978515625,5.65019416809082,3.055999994277954
2015-09-16,6.974539279937744,5.656438827514648,3.0297000408172607
2015-09-17,7.102514743804932,5.83125114440918,2.9977099895477295
2015-09-18,7.102514743804932,5.781304359436035,3.0071499347686768
2015-09-21,7.038527011871338,5.712627410888672,3.004349946975708
2015-09-22,7.070520401000977,5.70638370513916,3.003499984741211
2015-09-23,7.070520401000977,5.594004154205322,3.026819944381714
2015-09-24,7.070520401000977,5.531571388244629,3.0371100902557373
2015-09-25,7.070520401000977,5.537815093994141,3.047290086746216
2015-09-28,6.846565246582031,5.419192790985107,3.0427401065826416
2015-09-29,6.878559112548828,5.506597995758057,3.0529000759124756
2015-09-30,6.750586986541748,5.419192790985107,3.038140058517456
2015-10-01,6.718592643737793,5.381731986999512,3.023319959640503
2015-10-02,6.782578945159912,5.600248336791992,3.0246100425720215
2015-10-05,6.94254732131958,5.65019416809082,2.996299982070923
2015-10-06,6.974539279937744,5.693897724151611,2.981920003890991
2015-10-07,7.134506702423096,5.893683910369873,2.9560000896453857
2015-10-08,7.102514743804932,5.962360858917236,2.937999963760376
2015-10-09,7.102514743804932,5.906169414520264,2.8928699493408203
2015-10-12,7.262481689453125,5.999819278717041,2.933039903640747
2015-10-13,7.198493957519531,5.862468242645264,2.9286000728607178
2015-10-14,7.230485916137695,5.993577480316162,2.960930109024048
2015-10-15,7.166500091552734,6.062252998352051,2.9116899967193604
2015-10-16,7.102514743804932,5.987334251403809,2.8785998821258545
2015-10-19,7.230485916137695,6.024792671203613,2.894010066986084
2015-10-20,7.230485916137695,6.043522834777832,2.905100107192993
2015-10-21,7.262481689453125,6.093469619750977,2.899970054626465
2015-10-22,7.3264665603637695,6.193363189697266,2.895210027694702
2015-10-23,7.454439640045166,6.205849647521973,2.871880054473877
2015-10-26,7.486433506011963,6.249551773071289,2.9100100994110107
2015-10-27,7.550419807434082,6.15590238571167,2.888129949569702
2015-10-28,7.518427848815918,6.280769348144531,2.9041500091552734
2015-10-29,7.518427848815918,6.2183356285095215,2.9197499752044678
2015-10-30,7.4224467277526855,6.187119007110596,2.9347000122070312
2015-11-02,7.550419807434082,6.493039131164551,2.8469998836517334
2015-11-03,7.582413673400879,6.536745548248291,2.8238298892974854
2015-11-04,7.774369716644287,6.555473804473877,2.8281400203704834
2015-11-05,7.678393363952637,6.524255752563477,2.8633999824523926
2015-11-06,7.582413673400879,6.299498558044434,2.8589999675750732
2015-11-09,7.614407062530518,6.311985015869141,2.9200899600982666
2015-11-10,7.518427848815918,6.280769348144531,2.919830083847046
2015-11-11,7.454439640045166,6.26828145980835,2.914060115814209
2015-11-12,7.518427848815918,6.355688095092773,2.8732199668884277
2015-11-13,7.550419807434082,6.355688095092773,2.862920045852661
2015-11-16,7.486433506011963,6.318227767944336,2.877929925918579
2015-11-17,7.646399021148682,6.4430952072143555,2.881230115890503
2015-11-18,7.806365013122559,6.636637210845947,2.869040012359619
2015-11-19,7.678393363952637,6.574204444885254,2.8603599071502686
2015-11-20,7.774369716644287,6.655367851257324,2.843519926071167
2015-11-23,7.774369716644287,6.580448150634766,2.8299400806427
2015-11-24,7.294472694396973,6.15590238571167,2.8495500087738037
2015-11-25,7.390452861785889,6.180875301361084,2.874000072479248
2015-11-27,7.198493957519531,6.024792671203613,2.9280900955200195
2015-11-30,7.102514743804932,5.943629741668701,2.925649881362915
2015-12-01,7.134506702423096,6.024792671203613,2.910449981689453
2015-12-02,7.089714050292969,5.968603610992432,2.8882598876953125
2015-12-03,7.121708869934082,5.993577480316162,2.8880999088287354
2015-12-04,6.961742401123047,5.88119649887085,2.882390022277832
2015-12-07,6.9553446769714355,5.781304359436035,2.8891899585723877
2015-12-08,6.948945045471191,5.7937912940979,2.91117000579834
2015-12-09,6.9873366355896,5.768816947937012,2.9098401069641113
2015-12-10,6.6482086181640625,5.462894916534424,2.912600040435791
2015-12-11,6.494639873504639,5.294326305389404,2.924329996109009
2015-12-14,6.430655002593994,5.2318925857543945,2.967989921569824
2015-12-15,6.718592643737793,5.481626033782959,2.983989953994751
2015-12-16,6.750586986541748,5.594004154205322,2.962599992752075
2015-12-17,6.833770751953125,5.625221252441406,2.934999942779541
2015-12-18,6.545829772949219,5.462894916534424,2.9249000549316406
2015-12-21,6.565026760101318,5.4691386222839355,2.910259962081909
2015-12-22,6.443451404571533,5.344272613525391,2.911250114440918
2015-12-23,6.577822208404541,5.487868309020996,2.9302499294281006
2015-12-24,6.513835430145264,5.444164752960205,2.9168999195098877
2015-12-28,6.494639873504639,5.431678771972656,2.915369987487793
2015-12-29,6.597019672393799,5.525328636169434,2.905400037765503
2015-12-30,6.533033847808838,5.387976169586182,2.9047999382019043
2015-12-31,6.334673881530762,5.3005690574646,2.9200899600982666
2016-01-04,6.264288425445557,5.188189506530762,2.9161500930786133
2016-01-05,6.245090961456299,5.144485950469971,2.964319944381714
2016-01-06,6.2962822914123535,5.100783348083496,2.9850399494171143
2016-01-07,6.3602681159973145,5.113270282745361,3.000999927520752
2016-01-08,6.245090961456299,5.007133960723877,3.0004000663757324
2016-01-11,6.328276634216309,5.082054138183594,3.0348000526428223
2016-01-12,6.3602681159973145,5.100783348083496,3.034290075302124
2016-01-13,6.552227973937988,5.2631096839904785,3.0319600105285645
2016-01-14,6.4498491287231445,5.213163375854492,3.027100086212158
2016-01-15,6.328276634216309,5.05083703994751,3.0234999656677246
2016-01-19,6.31547737121582,5.094540119171143,3.034830093383789
2016-01-20,6.149111270904541,4.9634294509887695,3.0374200344085693
2016-01-21,6.0275373458862305,4.907241344451904,3.040750026702881
2016-01-22,6.0275373458862305,5.119513511657715,3.015929937362671
2016-01-25,6.366666316986084,5.156972885131836,3.002350091934204
2016-01-26,6.533033847808838,5.294326305389404,3.0218100547790527
2016-01-27,6.526633262634277,5.3005690574646,3.006769895553589
2016-01-28,6.494639873504639,5.363002300262451,2.9990200996398926
2016-01-29,6.731390953063965,5.531571388244629,2.969510078430176
2016-02-01,6.718592643737793,5.587761878967285,2.9544999599456787
2016-02-02,6.808175563812256,5.612733364105225,2.945349931716919
2016-02-03,6.846565246582031,5.70638370513916,2.952660083770752
2016-02-04,7.064120292663574,5.88119649887085,2.9147000312805176
2016-02-05,7.032127380371094,5.787548065185547,2.9116098880767822
2016-02-08,6.865761756896973,5.700141906738281,2.9143800735473633
2016-02-09,6.763383865356445,5.6064910888671875,2.9459099769592285
2016-02-10,6.769783973693848,5.625221252441406,2.9380500316619873
2016-02-11,6.750586986541748,5.581517219543457,2.919100046157837
2016-02-12,6.692998886108398,5.6189775466918945,2.9306800365448
2016-02-16,6.833770751953125,5.6189775466918945,2.9457199573516846
2016-02-17,7.083317756652832,5.787548065185547,2.9763200283050537
2016-02-18,7.166500091552734,5.83125114440918,2.954900026321411
2016-02-19,7.102514743804932,5.8125200271606445,2.9677999019622803
2016-02-22,7.102514743804932,5.849980354309082,2.9509599208831787
2016-02-23,6.9873366355896,5.731357574462891,2.9347000122070312
2016-02-24,6.859364032745361,5.700141906738281,2.9410300254821777
2016-02-25,7.038527011871338,5.8437371253967285,2.9359099864959717
2016-02-26,6.974539279937744,5.64394998550415,2.9268200397491455
2016-02-29,7.089714050292969,5.825007438659668,2.987950086593628
2016-03-01,7.089714050292969,5.868710041046143,2.9629499912261963
2016-03-02,7.096115589141846,5.887439250946045,2.9344899654388428
2016-03-03,7.166500091552734,5.962360858917236,2.9251699447631836
2016-03-04,7.300872802734375,6.062252998352051,2.9099700450897217
2016-03-07,7.4224467277526855,6.2183356285095215,2.9048800468444824
2016-03-08,7.5632171630859375,6.262038230895996,2.9154000282287598
2016-03-09,7.576014995574951,6.299498558044434,2.9117701053619385
2016-03-10,7.40964937210083,6.23706579208374,2.8930599689483643
2016-03-11,7.480034351348877,6.324470520019531,2.891050100326538
2016-03-14,7.652798652648926,6.461824417114258,2.871809959411621
2016-03-15,7.582413673400879,6.318227767944336,2.8708200454711914
2016-03-16,7.659196853637695,6.468067169189453,2.8968698978424072
2016-03-17,7.863955020904541,6.699070453643799,2.8691399097442627
2016-03-18,7.966333389282227,6.730286598205566,2.8422698974609375
2016-03-21,7.947134971618652,6.730286598205566,2.8701400756835938
2016-03-22,7.940737724304199,6.730286598205566,2.8630800247192383
2016-03-23,7.7359795570373535,6.518014907836914,2.8677499294281006
2016-03-24,7.544022083282471,6.4743123054504395,2.875459909439087
2016-03-28,7.480034351348877,6.461824417114258,2.874269962310791
2016-03-29,7.35845947265625,6.424365043640137,2.868340015411377
2016-03-30,7.403249740600586,6.3993916511535645,2.8404200077056885
2016-03-31,7.582413673400879,6.5617170333862305,2.833009958267212
2016-04-01,7.4416422843933105,6.418122291564941,2.8169000148773193
2016-04-04,7.499230861663818,6.4555816650390625,2.822999954223633
2016-04-05,7.33926248550415,6.2745256423950195,2.8112399578094482
2016-04-06,7.211289405822754,6.16214656829834,2.829890012741089
2016-04-07,7.160101413726807,6.049765586853027,2.839060068130493
2016-04-08,7.313669681549072,6.205849647521973,2.863800048828125
2016-04-11,7.384054660797119,6.311985015869141,2.8496201038360596
2016-04-12,7.416046619415283,6.3494462966918945,2.82778000831604
2016-04-13,7.499230861663818,6.37441873550415,2.832900047302246
2016-04-14,7.518427848815918,6.418122291564941,2.8441998958587646
2016-04-15,7.524823188781738,6.37441873550415,2.8498499393463135
2016-04-18,7.518427848815918,6.405635356903076,2.8524999618530273
2016-04-19,7.582413673400879,6.486797332763672,2.8381199836730957
2016-04-20,7.678393363952637,6.5679612159729,2.8299999237060547
2016-04-21,7.505630970001221,6.3993916511535645,2.8104300498962402
2016-04-22,7.665596008300781,6.511771202087402,2.8310999870300293
2016-04-25,7.703986644744873,6.5617170333862305,2.8454298973083496
2016-04-26,7.755176067352295,6.655367851257324,2.8432199954986572
2016-04-27,7.7295823097229,6.661611080169678,2.8194799423217773
2016-04-28,7.659196853637695,6.574204444885254,2.8171699047088623
2016-04-29,7.7423787117004395,6.742773056030273,2.811110019683838
2016-05-02,7.646399021148682,6.611663341522217,2.792409896850586
2016-05-03,7.537623882293701,6.4743123054504395,2.803499937057495
2016-05-04,7.083317756652832,5.8437371253967285,2.844949960708618
2016-05-05,7.006534099578857,5.818762302398682,2.954349994659424
2016-05-06,6.878559112548828,5.743844032287598,2.928070068359375
2016-05-09,7.032127380371094,5.8125200271606445,2.9231998920440674
2016-05-10,7.166500091552734,5.912413120269775,2.941849946975708
2016-05-11,6.968141555786133,5.787548065185547,2.9491000175476074
2016-05-12,7.006534099578857,5.768816947937012,2.9519500732421875
2016-05-13,6.872160911560059,5.668924808502197,2.9616100788116455
2016-05-16,6.878559112548828,5.662681579589844,2.9714300632476807
2016-05-17,6.840167045593262,5.656438827514648,2.973900079727173
2016-05-18,6.827371597290039,5.57527494430542,2.967400074005127
2016-05-19,6.827371597290039,5.51284122467041,2.986330032348633
2016-05-20,6.814572811126709,5.544058799743652,2.988110065460205
2016-05-23,6.865761756896973,5.581517219543457,2.9744999408721924
2016-05-24,7.025728702545166,5.787548065185547,2.995270013809204
2016-05-25,7.012932300567627,5.775061130523682,2.948319911956787
2016-05-26,6.8209710121154785,5.700141906738281,2.939120054244995
2016-05-27,6.846565246582031,5.693897724151611,2.937649965286255
2016-05-31,6.884958267211914,5.743844032287598,2.9532699584960938
2016-06-01,6.910552978515625,5.700141906738281,2.946700096130371
2016-06-02,6.833770751953125,5.65019416809082,2.942460060119629
2016-06-03,6.974539279937744,5.818762302398682,2.9481799602508545
2016-06-06,6.9937357902526855,5.8437371253967285,2.906909942626953
2016-06-07,6.846565246582031,5.781304359436035,2.905319929122925
2016-06-08,6.9553446769714355,5.912413120269775,2.8961598873138428
2016-06-09,6.846565246582031,5.800034046173096,2.891279935836792
2016-06-10,6.833770751953125,5.64394998550415,2.894629955291748
2016-06-13,6.833770751953125,5.64394998550415,2.929409980773926
2016-06-14,6.680201053619385,5.506597995758057,2.9219799041748047
2016-06-15,6.584221839904785,5.419192790985107,2.9344799518585205
2016-06-16,6.417856216430664,5.369245529174805,2.9228100776672363
2016-06-17,6.469046115875244,5.394219398498535,2.9296200275421143
2016-06-20,6.705796241760254,5.64394998550415,2.91129994392395
2016-06-21,6.680201053619385,5.637707233428955,2.901319980621338
2016-06-22,6.654606342315674,5.612733364105225,2.9114999771118164
2016-06-23,6.71219539642334,5.7937912940979,2.8893001079559326
2016-06-24,6.603416919708252,5.462894916534424,2.8641700744628906
2016-06-27,6.507438659667969,5.4254350662231445,2.9411299228668213
2016-06-28,6.635409832000732,5.562788009643555,2.9364500045776367
2016-06-29,6.776182651519775,5.731357574462891,2.9061100482940674
2016-06-30,6.763383865356445,5.712627410888672,2.887860059738159
2016-07-01,6.827371597290039,5.756331443786621,2.881779909133911
2016-07-05,6.827371597290039,5.70638370513916,2.90487003326416
2016-07-06,6.827371597290039,5.725114822387695,2.924870014190674
2016-07-07,6.827371597290039,5.70638370513916,2.9371800422668457
2016-07-08,6.5906195640563965,5.600248336791992,2.932919979095459
2016-07-11,6.699397563934326,5.6814117431640625,2.891619920730591
2016-07-12,6.846565246582031,5.768816947937012,2.903409957885742
2016-07-13,6.923350811004639,5.825007438659668,2.8868799209594727
2016-07-14,7.236886024475098,6.099714279174805,2.898900032043457
2016-07-15,7.160101413726807,5.9810895919799805,2.8837599754333496
2016-07-18,6.910552978515625,5.687654495239258,2.9662599563598633
2016-07-19,6.782578945159912,5.500356674194336,2.9803099632263184
2016-07-20,6.763383865356445,5.363002300262451,3.0438899993896484
2016-07-21,6.533033847808838,5.256865978240967,3.0819098949432373
2016-07-22,6.635409832000732,5.450409412384033,3.0641698837280273
2016-07-25,6.801777362823486,5.51284122467041,3.0570499897003174
2016-07-26,6.846565246582031,5.481626033782959,3.0352399349212646
2016-07-27,6.827371597290039,5.500356674194336,3.040060043334961
2016-07-28,6.673801898956299,5.4129486083984375,3.013730049133301
2016-07-29,6.629012107849121,5.387976169586182,3.0103600025177
2016-08-01,6.692998886108398,5.4004621505737305,2.9863901138305664
2016-08-02,6.565026760101318,5.288082599639893,2.9887499809265137
2016-08-03,6.437053680419922,5.169458866119385,2.9913198947906494
2016-08-04,6.507438659667969,5.2194061279296875,3.012120008468628
2016-08-05,6.520235061645508,5.2506232261657715,3.009660005569458
2016-08-08,6.635409832000732,5.37548828125,2.9954299926757812
2016-08-09,6.622612476348877,5.394219398498535,2.980449914932251
2016-08-10,6.692998886108398,5.45665168762207,2.9680299758911133
2016-08-11,6.782578945159912,5.537815093994141,2.9553699493408203
2016-08-12,6.616215229034424,5.4254350662231445,2.9595000743865967
2016-08-15,6.533033847808838,5.419192790985107,2.959700107574463
2016-08-16,6.501039028167725,5.356759548187256,2.941659927368164
2016-08-17,6.539431571960449,5.4129486083984375,2.927500009536743
2016-08-18,6.469046115875244,5.350514888763428,2.9177000522613525
2016-08-19,6.481842517852783,5.356759548187256,2.9267001152038574
2016-08-22,6.443451404571533,5.2755961418151855,2.9321000576019287
2016-08-23,6.366666316986084,5.213163375854492,2.9402201175689697
2016-08-24,6.366666316986084,5.2194061279296875,2.9488000869750977
2016-08-25,6.385862350463867,5.2631096839904785,2.950700044631958
2016-08-26,6.424255847930908,5.156972885131836,2.933340072631836
2016-08-29,6.302680969238281,5.144485950469971,2.9534599781036377
2016-08-30,6.302680969238281,5.138242721557617,2.9507501125335693
2016-08-31,6.3538689613342285,5.181946754455566,2.9632999897003174
2016-09-01,6.405059337615967,5.238136291503906,2.9570701122283936
2016-09-02,6.417856216430664,5.288082599639893,2.9610300064086914
2016-09-06,6.398660659790039,5.288082599639893,2.945499897003174
2016-09-07,6.392261505126953,5.269352436065674,2.9219000339508057
2016-09-08,6.37306547164917,5.225649356842041,2.933799982070923
2016-09-09,6.302680969238281,5.119513511657715,2.9530999660491943
2016-09-12,6.302680969238281,5.150729656219482,2.9683001041412354
2016-09-13,6.302680969238281,4.99464750289917,2.9695000648498535
2016-09-14,6.302680969238281,4.988404273986816,2.9815499782562256
2016-09-15,6.302680969238281,5.094540119171143,2.979300022125244
2016-09-16,6.257888317108154,5.063323497772217,2.9661099910736084
2016-09-19,6.3538689613342285,5.131999492645264,2.977799892425537
2016-09-20,6.302680969238281,5.082054138183594,2.975399971008301
2016-09-21,6.2962822914123535,5.194433212280273,2.9763600826263428
2016-09-22,6.398660659790039,5.2631096839904785,2.9540998935699463
2016-09-23,6.379464626312256,5.244378089904785,2.941819906234741
2016-09-26,6.328276634216309,5.144485950469971,2.9883999824523926
2016-09-27,6.302680969238281,5.131999492645264,2.980259895324707
2016-09-28,6.302680969238281,5.163217067718506,2.9732298851013184
2016-09-29,6.270686149597168,5.069566249847412,2.9779999256134033
2016-09-30,6.213099479675293,5.032106876373291,2.997080087661743
2016-10-03,6.238693714141846,5.0570807456970215,3.001569986343384
2016-10-04,6.251490592956543,4.9696736335754395,3.0195999145507812
2016-10-05,6.257888317108154,5.019620418548584,3.058069944381714
2016-10-06,6.334673881530762,5.05083703994751,3.0516200065612793
2016-10-07,6.437053680419922,5.075810432434082,3.0421900749206543
2016-10-10,6.334673881530762,4.988404273986816,3.0494000911712646
2016-10-11,6.430655002593994,5.044593334197998,3.069380044937134
2016-10-12,6.398660659790039,5.019620418548584,3.0812900066375732
2016-10-13,6.283482551574707,4.9509429931640625,3.085400104522705
2016-10-14,6.341073036193848,4.9696736335754395,3.081929922103882
2016-10-17,6.270686149597168,4.938457012176514,3.092099905014038
2016-10-18,6.2962822914123535,4.944700717926025,3.0952999591827393
2016-10-19,6.37306547164917,5.032106876373291,3.0945000648498535
2016-10-20,6.405059337615967,5.044593334197998,3.059499979019165
2016-10-21,6.379464626312256,4.99464750289917,3.0597000122070312
2016-10-24,6.430655002593994,5.044593334197998,3.079969882965088
2016-10-25,6.488241195678711,5.094540119171143,3.081779956817627
2016-10-26,6.494639873504639,5.131999492645264,3.070199966430664
2016-10-27,6.443451404571533,5.05083703994751,3.0803000926971436
2016-10-28,6.398660659790039,5.000890254974365,3.111299991607666
2016-10-31,6.379464626312256,5.007133960723877,3.1063098907470703
2016-11-01,6.264288425445557,4.888510704040527,3.0935800075531006
2016-11-02,6.206700325012207,4.701211929321289,3.113300085067749
2016-11-03,6.2003021240234375,4.813591957092285,3.1131200790405273
2016-11-04,6.1427130699157715,4.7574005126953125,3.1150999069213867
2016-11-07,6.2003021240234375,4.732427597045898,3.1507599353790283
2016-11-08,6.245090961456299,4.726184844970703,3.16759991645813
2016-11-09,6.155510425567627,4.707455158233643,3.162400007247925
2016-11-10,6.174706935882568,4.576344966888428,3.2091000080108643
2016-11-11,6.078727722167969,4.507668972015381,3.2476999759674072
2016-11-14,6.014739990234375,4.426506519317627,3.2357699871063232
2016-11-15,6.065930366516113,4.476452350616455,3.289599895477295
2016-11-16,6.033936977386475,4.432749271392822,3.2867000102996826
2016-11-17,6.104321479797363,4.395288944244385,3.31892991065979
2016-11-18,6.257888317108154,4.48893928527832,3.3750600814819336
2016-11-21,6.193903923034668,4.4577226638793945,3.3758699893951416
2016-11-22,6.149111270904541,4.414019584655762,3.3568599224090576
2016-11-23,6.1427130699157715,4.401533126831055,3.379470109939575
2016-11-25,6.277085304260254,4.4577226638793945,3.4639999866485596
2016-11-28,6.2003021240234375,4.426506519317627,3.4467999935150146
2016-11-29,5.969951152801514,4.245450973510742,3.410799980163574
2016-11-30,5.777990341186523,4.120583534240723,3.40939998626709
2016-12-01,5.688409328460693,4.008204936981201,3.435260057449341
2016-12-02,5.739599227905273,4.02069091796875,3.497339963912964
2016-12-05,5.790787696838379,4.058149814605713,3.5423500537872314
2016-12-06,5.765193462371826,4.139313697814941,3.5186100006103516
2016-12-07,5.822781085968018,4.2142333984375,3.446579933166504
2016-12-08,5.822781085968018,4.183016300201416,3.3886001110076904
2016-12-09,5.854773998260498,4.145556926727295,3.4502999782562256
2016-12-12,5.829179286956787,4.126827239990234,3.5111000537872314
2016-12-13,5.848376274108887,4.139313697814941,3.468329906463623
2016-12-14,5.790787696838379,3.9769883155822754,3.4857800006866455
2016-12-15,5.880369663238525,4.051907062530518,3.5315001010894775
2016-12-16,5.944357395172119,4.101853847503662,3.507699966430664
2016-12-19,5.976348400115967,4.133070945739746,3.490730047225952
2016-12-20,6.001943588256836,4.108097076416016,3.5327999591827393
2016-12-21,5.99554443359375,4.108097076416016,3.521699905395508
2016-12-22,6.021138668060303,4.201746940612793,3.508229970932007
2016-12-23,6.046733856201172,4.245450973510742,3.506380081176758
2016-12-27,6.040334701538086,4.220477104187012,3.51104998588562
2016-12-28,6.078727722167969,4.201746940612793,3.5218000411987305
2016-12-29,6.136314392089844,4.282909870147705,3.535330057144165
2016-12-30,6.238693714141846,4.307882785797119,3.5176000595092773
2017-01-03,5.99554443359375,4.1642866134643555,3.5418999195098877
2017-01-04,6.129916191101074,4.257936954498291,3.5922999382019043
2017-01-05,6.193903923034668,4.257936954498291,3.5693700313568115
2017-01-06,6.31547737121582,4.264179706573486,3.591909885406494
2017-01-09,6.4754438400268555,4.307882785797119,3.6398301124572754
2017-01-10,6.539431571960449,4.2516937255859375,3.7084898948669434
2017-01-11,6.526633262634277,4.170529842376709,3.7982499599456787
2017-01-12,6.635409832000732,4.35158634185791,3.8740999698638916
2017-01-13,6.705796241760254,4.401533126831055,3.7634100914001465
2017-01-17,6.673801898956299,4.389047145843506,3.806030035018921
2017-01-18,6.692998886108398,4.33285665512085,3.7607998847961426
2017-01-19,6.782578945159912,4.438992500305176,3.806570053100586
2017-01-20,6.878559112548828,4.470208644866943,3.8269999027252197
2017-01-23,6.9553446769714355,4.53888463973999,3.765429973602295
2017-01-24,7.089714050292969,4.601318359375,3.754499912261963
2017-01-25,7.064120292663574,4.513912677764893,3.781909942626953
2017-01-26,7.108911037445068,4.507668972015381,3.833400011062622
2017-01-27,7.166500091552734,4.563858509063721,3.859800100326538
2017-01-30,7.294472694396973,4.688725471496582,3.868000030517578
2017-01-31,7.256080627441406,4.651265621185303,3.7761900424957275
2017-02-01,7.134506702423096,4.595075607299805,3.7725000381469727
2017-02-02,7.236886024475098,4.663751125335693,3.771559953689575
2017-02-03,7.198493957519531,4.6824822425842285,3.7345099449157715
2017-02-06,7.147305488586426,4.669994831085205,3.7008299827575684
2017-02-07,7.134506702423096,4.645021438598633,3.687000036239624
2017-02-08,7.134506702423096,4.6824822425842285,3.740689992904663
2017-02-09,7.192094802856445,4.813591957092285,3.7105000019073486
2017-02-10,7.294472694396973,4.801104545593262,3.6842000484466553
2017-02-13,7.153703212738037,4.7886176109313965,3.6860198974609375
2017-02-14,7.102514743804932,4.732427597045898,3.6707000732421875
2017-02-15,7.032127380371094,4.713697910308838,3.651900053024292
2017-02-16,7.198493957519531,4.819835186004639,3.6558799743652344
2017-02-17,7.377655506134033,5.100783348083496,3.6673998832702637
2017-02-21,7.550419807434082,5.150729656219482,3.6234400272369385
2017-02-22,7.576014995574951,5.194433212280273,3.625230073928833
2017-02-23,7.6847920417785645,5.281839847564697,3.5824999809265137
2017-02-24,7.640002250671387,5.194433212280273,3.5683000087738037
2017-02-27,7.544022083282471,5.169458866119385,3.598989963531494
2017-02-28,7.601609706878662,5.150729656219482,3.6068999767303467
2017-03-01,7.806365013122559,5.238136291503906,3.642199993133545
2017-03-02,7.908745288848877,5.2194061279296875,3.6505000591278076
2017-03-03,7.895946979522705,5.238136291503906,3.726759910583496
2017-03-06,7.966333389282227,5.2506232261657715,3.709779977798462
2017-03-07,7.870352268218994,5.244378089904785,3.713330030441284
2017-03-08,7.7935686111450195,5.125756740570068,3.6786000728607178
2017-03-09,7.7295823097229,5.044593334197998,3.744070053100586
2017-03-10,7.7359795570373535,5.107028007507324,3.7732601165771484
2017-03-13,7.710385322570801,5.088296413421631,3.7397799491882324
2017-03-14,7.7423787117004395,5.088296413421631,3.740999937057495
2017-03-15,7.7359795570373535,5.169458866119385,3.740600109100342
2017-03-16,7.787169456481934,5.3005690574646,3.6739799976348877
2017-03-17,7.88314962387085,5.381731986999512,3.6280999183654785
2017-03-20,7.947134971618652,5.4129486083984375,3.628649950027466
2017-03-21,7.825558662414551,5.288082599639893,3.623300075531006
2017-03-22,7.7295823097229,5.288082599639893,3.6324000358581543
2017-03-23,7.7423787117004395,5.269352436065674,3.6157000064849854
2017-03-24,7.7423787117004395,5.288082599639893,3.6328999996185303
2017-03-27,7.691189765930176,5.2506232261657715,3.6015000343322754
2017-03-28,7.780770778656006,5.181946754455566,3.6150999069213867
2017-03-29,7.659196853637695,5.181946754455566,3.6565499305725098
2017-03-30,7.703986644744873,5.175703048706055,3.643699884414673
2017-03-31,7.659196853637695,5.169458866119385,3.6542999744415283
2017-04-03,7.633603572845459,5.163217067718506,3.6284799575805664
2017-04-04,7.659196853637695,5.125756740570068,3.644200086593628
2017-04-05,7.678393363952637,5.063323497772217,3.6775999069213867
2017-04-06,7.620804786682129,5.032106876373291,3.703900098800659
2017-04-07,7.659196853637695,5.019620418548584,3.70524001121521
2017-04-10,7.716785907745361,5.063323497772217,3.7279999256134033
2017-04-11,7.7295823097229,5.100783348083496,3.7281999588012695
2017-04-12,7.640002250671387,5.113270282745361,3.6949000358581543
2017-04-13,7.703986644744873,5.094540119171143,3.6470000743865967
2017-04-17,7.620804786682129,5.0570807456970215,3.635699987411499
2017-04-18,7.550419807434082,5.038350582122803,3.7009201049804688
2017-04-19,7.595210552215576,5.025862693786621,3.655410051345825
2017-04-20,7.774369716644287,5.2069196701049805,3.6718499660491943
2017-04-21,7.812763214111328,5.200675964355469,3.6407999992370605
2017-04-24,7.972731590270996,5.381731986999512,3.6126999855041504
2017-04-25,8.151893615722656,5.506597995758057,3.5751500129699707
2017-04-26,8.119900703430176,5.387976169586182,3.5776898860931396
2017-04-27,7.972731590270996,5.450409412384033,3.57069993019104
2017-04-28,7.940737724304199,5.462894916534424,3.5632998943328857
2017-05-01,7.940737724304199,5.4254350662231445,3.5529000759124756
2017-05-02,7.870352268218994,5.462894916534424,3.5532000064849854
2017-05-03,7.857553958892822,5.181946754455566,3.522599935531616
2017-05-04,7.281675338745117,5.082054138183594,3.533799886703491
2017-05-05,7.396853446960449,5.200675964355469,3.5537099838256836
2017-05-08,7.40964937210083,5.100783348083496,3.5404300689697266
2017-05-09,7.44804048538208,5.075810432434082,3.5845999717712402
2017-05-10,7.4608378410339355,5.131999492645264,3.6225600242614746
2017-05-11,7.4416422843933105,5.131999492645264,3.583899974822998
2017-05-12,7.416046619415283,5.119513511657715,3.5773000717163086
2017-05-15,7.473636150360107,5.200675964355469,3.5724000930786133
2017-05-16,7.390452861785889,5.156972885131836,3.5467000007629395
2017-05-17,7.313669681549072,5.013376712799072,3.541749954223633
2017-05-18,7.211289405822754,4.888510704040527,3.5840001106262207
2017-05-19,7.211289405822754,5.013376712799072,3.622469902038574
2017-05-22,7.377655506134033,5.0570807456970215,3.575659990310669
2017-05-23,7.403249740600586,5.05083703994751,3.5659000873565674
2017-05-24,7.646399021148682,5.313055992126465,3.573780059814453
2017-05-25,7.556817054748535,5.244378089904785,3.558500051498413
2017-05-26,7.640002250671387,5.2755961418151855,3.5673000812530518
2017-05-30,7.691189765930176,5.338029384613037,3.5801000595092773
2017-05-31,7.780770778656006,5.381731986999512,3.552500009536743
2017-06-01,7.767974376678467,5.37548828125,3.5281999111175537
2017-06-02,7.8319597244262695,5.437921524047852,3.5297999382019043
2017-06-05,7.710385322570801,5.387976169586182,3.505389928817749
2017-06-06,7.6975884437561035,5.394219398498535,3.524600028991699
2017-06-07,7.582413673400879,5.2506232261657715,3.5136001110076904
2017-06-08,7.633603572845459,5.306812286376953,3.550960063934326
2017-06-09,7.703986644744873,5.3005690574646,3.5309200286865234
2017-06-12,7.748776912689209,5.313055992126465,3.5387001037597656
2017-06-13,7.819161415100098,5.37548828125,3.515700101852417
2017-06-14,7.703986644744873,5.319299221038818,3.5173399448394775
2017-06-15,7.580665111541748,5.2615580558776855,3.48865008354187
2017-06-16,7.560716152191162,5.306973457336426,3.513000011444092
2017-06-19,7.633863925933838,5.319947719573975,3.500499963760376
2017-06-20,7.627213001251221,5.242094993591309,3.522200107574463
2017-06-21,7.6205644607543945,5.268045425415039,3.543800115585327
2017-06-22,7.680412292480469,5.319947719573975,3.530600070953369
2017-06-23,7.720310211181641,5.358874320983887,3.5129001140594482
2017-06-26,7.720310211181641,5.358874320983887,3.505160093307495
2017-06-27,7.720310211181641,5.274533748626709,3.5000500679016113
2017-06-28,7.687061309814453,5.319947719573975,3.5237998962402344
2017-06-29,7.680412292480469,5.274533748626709,3.511699914932251
2017-06-30,7.700361728668213,5.319947719573975,3.5242300033569336
2017-07-03,7.7602081298828125,5.326435565948486,3.5192999839782715
2017-07-05,7.780157089233398,5.287508487701416,3.5576999187469482
2017-07-06,7.840004920959473,5.24858283996582,3.607300043106079
2017-07-07,7.720310211181641,5.21614408493042,3.620990037918091
2017-07-10,7.786807060241699,5.281022071838379,3.6201000213623047
2017-07-12,7.859954833984375,5.391313076019287,3.615600109100342
2017-07-13,7.866602897644043,5.397800922393799,3.5692200660705566
2017-07-14,7.906501770019531,5.436727046966553,3.5659899711608887
2017-07-17,8.039495468139648,5.585944652557373,3.5334999561309814
2017-07-18,8.039495468139648,5.547019004821777,3.5288000106811523
2017-07-19,8.132588386535645,5.6443352699279785,3.5243101119995117
2017-07-20,8.165840148925781,5.624871730804443,3.521199941635132
2017-07-21,8.145888328552246,5.650822162628174,3.5267999172210693
2017-07-24,8.15919017791748,5.670285701751709,3.5315001010894775
2017-07-25,8.405231475830078,5.76760196685791,3.5559399127960205
2017-07-26,8.478375434875488,5.8389668464660645,3.5710999965667725
2017-07-27,8.731064796447754,6.01413631439209,3.534250020980835
2017-07-28,8.67786693572998,6.033599853515625,3.536520004272461
2017-07-31,8.551522254943848,5.968721866607666,3.5322999954223633
2017-08-01,8.298833847045898,5.774089813232422,3.517699956893921
2017-08-02,8.238986015319824,5.774089813232422,3.5285000801086426
2017-08-03,8.385278701782227,5.845455169677734,3.537760019302368
2017-08-04,8.391928672790527,5.8843817710876465,3.539299964904785
2017-08-07,8.405231475830078,5.871405601501465,3.5323500633239746
2017-08-08,8.445127487182617,5.877894401550293,3.5286600589752197
2017-08-09,8.431828498840332,5.864916801452637,3.530289888381958
2017-08-10,8.458427429199219,5.864916801452637,3.5386600494384766
2017-08-11,8.485025405883789,5.903845310211182,3.5422000885009766
2017-08-14,8.598071098327637,6.001160621643066,3.5334999561309814
2017-08-15,8.465076446533203,5.910332202911377,3.5253000259399414
2017-08-16,8.518272399902344,6.02062463760376,3.53629994392395
2017-08-17,8.504976272583008,5.890869140625,3.516040086746216
2017-08-18,8.425177574157715,5.871405601501465,3.528899908065796
2017-08-21,8.551522254943848,6.02062463760376,3.5164999961853027
2017-08-22,8.64461612701416,6.104963779449463,3.4962000846862793
2017-08-23,8.8374605178833,6.215255260467529,3.4958999156951904
2017-08-24,8.770962715148926,6.124427795410156,3.4819600582122803
2017-08-25,8.684516906738281,6.182816505432129,3.485300064086914
2017-08-28,8.804210662841797,6.189304828643799,3.441699981689453
2017-08-29,8.844108581542969,6.228231906890869,3.4558699131011963
2017-08-30,8.844108581542969,6.16984224319458,3.448590040206909
2017-08-31,8.784263610839844,6.137402534484863,3.4551000595092773
2017-09-01,8.784263610839844,6.150378704071045,3.4506499767303467
2017-09-05,8.711115837097168,6.098476409912109,3.4309000968933105
2017-09-06,8.6978178024292,6.137402534484863,3.4367499351501465
2017-09-07,8.631319046020508,6.143890857696533,3.428679943084717
2017-09-08,8.611371040344238,6.098476409912109,3.402740001678467
2017-09-11,8.770962715148926,6.2347187995910645,3.4091999530792236
2017-09-12,8.897307395935059,6.208767890930176,3.411799907684326
2017-09-13,8.67786693572998,6.104963779449463,3.4326000213623047
2017-09-14,8.578121185302734,6.04008674621582,3.4584999084472656
2017-09-15,8.47097396850586,6.034039497375488,3.4321000576019287
2017-09-18,8.346906661987305,5.765262126922607,3.4409499168395996
2017-09-19,8.402048110961914,5.939968585968018,3.4883999824523926
2017-09-20,8.436509132385254,5.933248043060303,3.488149881362915
2017-09-21,8.326229095458984,5.798859596252441,3.5048000812530518
2017-09-22,8.326229095458984,5.80557918548584,3.50600004196167
2017-09-25,8.346906661987305,5.751824378967285,3.4992001056671143
2017-09-26,8.326229095458984,5.758543491363525,3.5434999465942383
2017-09-27,8.340014457702637,5.6510329246521,3.541640043258667
2017-09-28,8.601932525634766,5.80557918548584,3.577549934387207
2017-09-29,8.746676445007324,5.9265289306640625,3.558310031890869
2017-10-02,8.61571979522705,5.812298774719238,3.5622000694274902
2017-10-03,8.498544692993164,5.72494649887085,3.5671799182891846
2017-10-04,8.505438804626465,5.738385200500488,3.573699951171875
2017-10-05,8.781140327453613,5.892931938171387,3.5732998847961426
2017-10-06,8.863849639892578,5.913090705871582,3.586899995803833
2017-10-09,8.774247169494629,5.691349983215332,3.706700086593628
2017-10-10,8.856958389282227,5.792140483856201,3.7060999870300293
2017-10-11,9.0844144821167,6.027320384979248,3.706820011138916
2017-10-12,9.332544326782227,6.181866645812988,3.64451003074646
2017-10-13,9.304976463317871,6.208745002746582,3.6568000316619873
2017-10-16,9.367010116577148,6.195306301116943,3.6377999782562256
2017-10-17,9.725421905517578,6.443924427032471,3.6454999446868896
2017-10-18,9.780563354492188,6.417047023773193,3.665299892425537
2017-10-19,9.718530654907227,6.430485248565674,3.673190116882324
2017-10-20,9.690958976745605,6.417047023773193,3.652400016784668
2017-10-23,9.649603843688965,6.349852085113525,3.688390016555786
2017-10-24,9.780563354492188,6.390168190002441,3.7130000591278076
2017-10-25,9.670281410217285,6.195306301116943,3.737370014190674
2017-10-26,9.628928184509277,6.202024936676025,3.7586300373077393
2017-10-27,9.883951187133789,6.423766136169434,3.8183999061584473
2017-10-30,9.77367115020752,6.316255569458008,3.787100076675415
2017-10-31,9.766777992248535,6.309537410736084,3.777250051498413
2017-11-01,10.276827812194824,6.564874649047852,3.7873001098632812
2017-11-02,9.79434871673584,6.349852085113525,3.8111801147460938
2017-11-03,9.649603843688965,6.128111362457275,3.7992000579833984
2017-11-06,9.945985794067383,6.370010852813721,3.881200075149536
2017-11-07,9.91152286529541,6.316255569458008,3.8261499404907227
2017-11-08,9.656496047973633,6.154988765716553,3.882930040359497
2017-11-09,9.704745292663574,6.154988765716553,3.865499973297119
2017-11-10,9.546216011047363,6.060917377471924,3.8610498905181885
2017-11-13,9.587570190429688,6.054197788238525,3.858109951019287
2017-11-14,9.752992630004883,6.114673137664795,3.868499994277954
2017-11-15,9.821918487548828,6.154988765716553,3.886359930038452
2017-11-17,9.842597007751465,6.249061107635498,3.8631598949432373
2017-11-20,9.766777992248535,6.10795259475708,3.8683300018310547
2017-11-21,9.925307273864746,6.17514705657959,3.9265999794006348
2017-11-22,9.821918487548828,6.16842794418335,3.960400104522705
2017-11-24,9.925307273864746,6.202024936676025,3.921299934387207
2017-11-27,9.752992630004883,6.134829998016357,3.950700044631958
2017-11-28,9.75988483428955,6.0743560791015625,3.905100107192993
2017-11-29,10.111406326293945,6.195306301116943,3.9644999504089355
2017-11-30,10.483606338500977,6.437204837799072,3.956049919128418
2017-12-01,10.380216598510742,6.376730918884277,3.916440010070801
2017-12-04,10.269937515258789,6.376730918884277,3.9244000911712646
2017-12-05,10.380216598510742,6.504399299621582,3.8749001026153564
2017-12-06,10.297505378723145,6.450645923614502,3.8415000438690186
2017-12-07,10.297505378723145,6.464082717895508,3.850100040435791
2017-12-08,10.35264778137207,6.511117935180664,3.8650500774383545
2017-12-11,10.559423446655273,6.652226448059082,3.837100028991699
2017-12-12,10.552532196044922,6.63878870010376,3.8310699462890625
2017-12-13,10.683490753173828,6.753017425537109,3.8457999229431152
2017-12-14,10.683490753173828,6.692542552947998,3.8129000663757324
2017-12-15,10.537599563598633,6.6897735595703125,3.884200096130371
2017-12-18,10.75772476196289,6.88368034362793,3.8559000492095947
2017-12-19,10.672515869140625,6.814426898956299,3.8287599086761475
2017-12-20,10.438189506530762,6.724400043487549,3.8315999507904053
2017-12-21,10.679616928100586,6.849054336547852,3.8216500282287598
2017-12-22,10.658312797546387,6.897529602050781,3.8176000118255615
2017-12-26,10.764825820922852,6.966782093048096,3.8064000606536865
2017-12-27,10.61570930480957,6.849054336547852,3.8070199489593506
2017-12-28,10.871338844299316,7.0152587890625,3.8148999214172363
2017-12-29,10.992053031921387,7.0637359619140625,3.776859998703003
2018-01-02,11.06305980682373,7.188390254974365,3.791100025177002
2018-01-03,10.722221374511719,6.973707675933838,3.7655999660491943
2018-01-04,10.509197235107422,6.918305397033691,3.780600070953369
2018-01-05,10.743525505065918,7.077586650848389,3.750269889831543
2018-01-08,10.779027938842773,7.0706610679626465,3.7323501110076904
2018-01-09,10.523398399353027,6.88368034362793,3.7439000606536865
2018-01-10,10.352978706359863,6.69669771194458,3.7684199810028076
2018-01-11,10.296174049377441,6.71747350692749,3.7987000942230225
2018-01-12,10.175460815429688,6.703623294830322,3.773550033569336
2018-01-16,10.196762084960938,6.592819690704346,3.7999699115753174
2018-01-17,10.68671703338623,6.842127799987793,3.7986700534820557
2018-01-18,11.1837739944458,7.181465148925781,3.8151700496673584
2018-01-19,10.949447631835938,6.987558841705322,3.7654800415039062
2018-01-22,11.410999298095703,7.382295608520508,3.823230028152466
2018-01-23,11.971964836120605,7.707780838012695,3.7764999866485596
2018-01-24,11.76604175567627,7.576201438903809,3.768199920654297
2018-01-25,11.602721214294434,7.472323894500732,3.7493999004364014
2018-01-26,11.67372989654541,7.548501968383789,3.7596800327301025
2018-01-29,11.758939743041992,7.506950855255127,3.7499799728393555
2018-01-30,11.318689346313477,7.319968223571777,3.786400079727173
2018-01-31,11.08436107635498,7.236865520477295,3.7757198810577393
2018-02-01,11.055957794189453,7.202238082885742,3.7562999725341797
2018-02-02,10.970748901367188,7.0706610679626465,3.7337000370025635
2018-02-05,10.878438949584961,6.911379814147949,3.771899938583374
2018-02-06,10.80033016204834,7.119137287139893,3.7867000102996826
2018-02-07,10.771926879882812,6.925230979919434,3.764709949493408
2018-02-08,11.077261924743652,6.897529602050781,3.802500009536743
2018-02-09,10.693817138671875,6.842127799987793,3.822619915008545
2018-02-12,10.864237785339355,7.008333206176758,3.8167500495910645
2018-02-13,10.878438949584961,6.980631351470947,3.7976601123809814
2018-02-14,10.658312797546387,6.994483470916748,3.804800033569336
2018-02-15,10.864237785339355,7.153762340545654,3.7797300815582275
2018-02-16,10.871338844299316,7.098361015319824,3.7646000385284424
2018-02-20,10.374279975891113,6.731324672698975,3.7581899166107178
2018-02-21,10.68671703338623,6.869829177856445,3.797800064086914
2018-02-22,10.700919151306152,6.849054336547852,3.7918601036071777
2018-02-23,10.793229103088379,6.946006774902344,3.782399892807007
2018-02-26,10.970748901367188,7.036035060882568,3.787839889526367
2018-02-27,11.070160865783691,6.987558841705322,3.7850899696350098
2018-02-28,10.842934608459473,6.855977535247803,3.815200090408325
2018-03-01,10.580205917358398,6.745174884796143,3.8029000759124756
2018-03-02,10.5589017868042,6.745174884796143,3.8076999187469482
2018-03-05,10.47369384765625,6.731324672698975,3.8101000785827637
2018-03-06,10.601508140563965,6.745174884796143,3.8106000423431396
2018-03-07,10.573103904724121,6.731324672698975,3.798799991607666
2018-03-08,10.509197235107422,6.68284797668457,3.8062899112701416
2018-03-09,10.480793952941895,6.710547924041748,3.823499917984009
2018-03-12,10.537599563598633,6.662071228027344,3.812000036239624
2018-03-13,10.608607292175293,6.63437032699585,3.8427000045776367
2018-03-14,10.928145408630371,6.786726474761963,3.8698999881744385
2018-03-15,11.055957794189453,6.821351528167725,3.8803000450134277
2018-03-16,10.91394329071045,6.71747350692749,3.8935399055480957
2018-03-19,10.672515869140625,6.63437032699585,3.918299913406372
2018-03-20,10.68671703338623,6.585893154144287,3.9432899951934814
2018-03-21,10.935246467590332,6.745174884796143,3.932149887084961
2018-03-22,10.842934608459473,6.613595962524414,3.9087700843811035
2018-03-23,10.743525505065918,6.433538913726807,3.9738800525665283
2018-03-26,10.693817138671875,6.565118312835693,3.9814000129699707
2018-03-27,10.715121269226074,6.440465450286865,3.9655001163482666
2018-03-28,10.487895011901855,6.33658504486084,3.979180097579956
2018-03-29,10.722221374511719,6.620520114898682,4.013299942016602
2018-04-02,10.75772476196289,6.516640663146973,3.9518399238586426
2018-04-03,10.857137680053711,6.606669902801514,3.977099895477295
2018-04-04,10.821632385253906,6.627445697784424,3.9893500804901123
2018-04-05,10.82873249053955,6.495867729187012,3.999109983444214
2018-04-06,10.502096176147461,6.301959991455078,4.03941011428833
2018-04-09,10.310376167297363,6.177305698394775,4.047100067138672
2018-04-10,10.182559967041016,6.080352306365967,4.075500011444092
2018-04-11,9.81331729888916,5.886446475982666,4.1095499992370605
2018-04-12,10.111553192138672,6.004175186157227,4.1407999992370605
2018-04-13,9.997939109802246,5.962623596191406,4.114019870758057
2018-04-16,10.033442497253418,5.997249603271484,4.090789794921875
2018-04-17,10.083149909973145,6.038801193237305,4.0929999351501465
2018-04-18,10.260669708251953,6.2604079246521,4.093090057373047
2018-04-19,10.267770767211914,6.218857288360596,4.017000198364258
2018-04-20,10.210963249206543,6.163454532623291,4.045820236206055
2018-04-23,10.210963249206543,6.073427200317383,4.078499794006348
2018-04-24,10.154157638549805,6.142679691314697,4.107699871063232
2018-04-25,10.0547456741333,6.052651882171631,4.086480140686035
2018-04-26,10.076048851013184,6.114978790283203,4.081099987030029
2018-04-27,10.076048851013184,6.128828525543213,4.0658698081970215
2018-04-30,9.86302375793457,5.9903244972229,4.051660060882568
2018-05-01,9.86302375793457,5.886446475982666,4.056650161743164
2018-05-02,9.65000057220459,5.727166175842285,4.109000205993652
2018-05-03,9.436976432800293,5.554035186767578,4.182720184326172
2018-05-04,9.16004467010498,5.4016804695129395,4.223189830780029
2018-05-07,8.932817459106445,5.207773208618164,4.241680145263672
2018-05-08,8.939918518066406,5.131596565246582,4.26639986038208
2018-05-09,9.309159278869629,5.3047261238098145,4.349599838256836
2018-05-10,9.365966796875,5.4501566886901855,4.28439998626709
2018-05-11,9.3020601272583,5.311652183532715,4.238140106201172
2018-05-14,9.40857219696045,5.290876865386963,4.314199924468994
2018-05-15,9.238152503967285,5.110820293426514,4.350800037384033
2018-05-16,9.231051445007324,5.138521671295166,4.453800201416016
2018-05-17,9.231051445007324,5.041567802429199,4.428899765014648
2018-05-18,9.252354621887207,5.013867378234863,4.461299896240234
2018-05-21,9.231051445007324,4.930764198303223,4.493239879608154
2018-05-22,9.238152503967285,4.889212608337402,4.577970027923584
2018-05-23,9.060632705688477,5.000016212463379,4.734499931335449
2018-05-24,9.231051445007324,4.84766149520874,4.572199821472168
2018-05-25,9.046430587768555,4.709157466888428,4.756100177764893
2018-05-29,9.16004467010498,4.903063774108887,4.582300186157227
2018-05-30,8.939918518066406,4.854587078094482,4.5601701736450195
2018-05-31,8.61328125,4.626054286956787,4.468599796295166
2018-06-01,8.364754676818848,4.459847927093506,4.527910232543945
2018-06-04,8.442863464355469,4.522176265716553,4.646500110626221
2018-06-05,8.28664493560791,4.473699569702148,4.585000038146973
2018-06-06,8.258241653442383,4.508326053619385,4.594900131225586
2018-06-07,8.329251289367676,4.542951583862305,4.559999942779541
2018-06-08,8.279541969299316,4.584502696990967,4.480299949645996
2018-06-11,8.364754676818848,4.556801795959473,4.472499847412109
2018-06-12,8.28664493560791,4.473699569702148,4.520999908447266
2018-06-13,8.066518783569336,4.314418792724609,4.586900234222412
2018-06-14,8.244038581848145,4.335195541381836,4.662799835205078
2018-06-15,8.244038581848145,4.335195541381836,4.739590167999268
2018-06-18,8.13327693939209,4.284494876861572,4.740499973297119
2018-06-19,8.249776840209961,4.355903148651123,4.706999778747559
2018-06-20,8.446374893188477,4.391608238220215,4.743599891662598
2018-06-21,8.519186973571777,4.405888557434082,4.743100166320801
2018-06-22,8.366279602050781,4.434452533721924,4.735099792480469
2018-06-25,8.490060806274414,4.420170307159424,4.606969833374023
2018-06-26,8.511905670166016,4.448733806610107,4.686999797821045
2018-06-27,8.875972747802734,4.555845737457275,4.613999843597412
2018-06-28,8.948787689208984,4.670100212097168,4.621300220489502
2018-06-29,8.846846580505371,4.670100212097168,4.5904998779296875
2018-07-02,8.774036407470703,4.605831623077393,4.589890003204346
2018-07-03,8.861411094665527,4.648676872253418,4.616099834442139
2018-07-05,9.269166946411133,4.9057464599609375,4.669589996337891
2018-07-06,9.305571556091309,4.941450595855713,4.604269981384277
2018-07-09,9.392950057983398,4.927168846130371,4.578800201416016
2018-07-10,8.832286834716797,4.591550827026367,4.712470054626465
2018-07-11,8.213370323181152,4.20594596862793,4.714700222015381
2018-07-12,8.118711471557617,4.170241832733154,4.889969825744629
2018-07-13,8.082307815551758,4.141678810119629,4.867599964141846
2018-07-16,8.075023651123047,4.148818492889404,4.854949951171875
2018-07-17,8.140557289123535,4.220227241516113,4.852910041809082
2018-07-18,8.380841255187988,4.291635513305664,4.800300121307373
2018-07-19,8.344435691833496,4.248790264129639,4.796090126037598
2018-07-20,8.570157051086426,4.3344807624816895,4.801030158996582
2018-07-23,8.635689735412598,4.434452533721924,4.777910232543945
2018-07-24,8.300745010375977,4.1916632652282715,4.7368998527526855
2018-07-25,8.504626274108887,4.513001918792725,4.881100177764893
2018-07-26,8.926942825317383,4.520142078399658,4.796599864959717
2018-07-27,9.007038116455078,4.52728271484375,4.869939804077148
2018-07-30,9.123538970947266,4.591550827026367,4.851329803466797
2018-07-31,9.38566780090332,4.63439416885376,4.882780075073242
2018-08-01,9.633234024047852,4.598690986633301,4.917900085449219
2018-08-02,8.999755859375,4.370184898376465,4.981249809265137
2018-08-03,9.050726890563965,4.38446569442749,5.091599941253662
2018-08-06,8.91238021850586,4.19880485534668,5.10099983215332
2018-08-07,9.138104438781738,4.2630720138549805,5.261499881744385
2018-08-08,9.101696014404297,4.227367877960205,5.2591400146484375
2018-08-09,9.036163330078125,4.041706562042236,5.308899879455566
2018-08-10,8.89053726196289,3.5132853984832764,5.552000045776367
2018-08-13,9.050726890563965,3.199089288711548,6.817800045013428
2018-08-14,8.58471965789795,3.2847790718078613,6.9532999992370605
2018-08-15,7.776489734649658,3.3276243209838867,6.374899864196777
2018-08-16,7.477953910827637,3.2347941398620605,5.956989765167236
2018-08-17,7.9803667068481445,3.363327980041504,5.85099983215332
2018-08-20,8.04590129852295,3.413313865661621,6.007999897003174
2018-08-21,8.04590129852295,3.5061452388763428,6.098499774932861
2018-08-22,8.04590129852295,3.413313865661621,6.079699993133545
2018-08-23,8.04590129852295,3.4347360134124756,6.0279998779296875
2018-08-24,8.04590129852295,3.406172752380371,6.093800067901611
2018-08-27,8.220650672912598,3.363327980041504,5.980720043182373
2018-08-28,8.227932929992676,3.2776386737823486,6.1552300453186035
2018-08-29,8.053179740905762,3.1633851528167725,6.26609992980957
2018-08-30,8.053179740905762,3.013427734375,6.473400115966797
2018-08-31,7.754643440246582,2.906316041946411,6.734099864959717
2018-09-04,7.579892158508301,2.856329917907715,6.633699893951416
2018-09-05,7.492516040802002,2.849189043045044,6.666200160980225
2018-09-06,7.565330982208252,2.899174928665161,6.5808000564575195
2018-09-07,7.878426551818848,3.084836483001709,6.583700180053711
2018-09-10,7.82745885848999,3.020568370819092,6.4217000007629395
2018-09-11,7.740084171295166,3.0348503589630127,6.468299865722656
2018-09-12,7.587174892425537,3.027709484100342,6.434360027313232
2018-09-13,8.227932929992676,3.3776094913482666,6.348199844360352
2018-09-14,8.169682502746582,3.3490471839904785,6.128699779510498
2018-09-17,8.377345085144043,3.3689944744110107,6.161399841308594
2018-09-18,8.414710998535156,3.3320541381835938,6.323299884796143
2018-09-19,8.317559242248535,3.3616065979003906,6.39870023727417
2018-09-20,8.474494934082031,3.472428560256958,6.247379779815674
2018-09-21,8.66879653930664,3.472428560256958,6.221399784088135
2018-09-24,8.623958587646484,3.5241456031799316,6.300930023193359
2018-09-25,8.638903617858887,3.5093698501586914,6.153299808502197
2018-09-26,8.519332885742188,3.5241456031799316,6.191999912261963
2018-09-27,8.549225807189941,3.5684750080108643,6.107500076293945
2018-09-28,8.638903617858887,3.5610861778259277,6.00570011138916
2018-10-01,8.594064712524414,3.627579689025879,6.044000148773193
2018-10-02,8.683741569519043,3.6201913356781006,5.937600135803223
2018-10-03,8.683741569519043,3.627579689025879,5.987820148468018
2018-10-04,8.227882385253906,3.265561103820801,6.0517802238464355
2018-10-05,8.115785598754883,3.309889316558838,6.185500144958496
2018-10-08,8.041056632995605,3.317277431488037,6.163899898529053
2018-10-09,7.966323375701904,3.2360081672668457,6.1178998947143555
2018-10-10,7.9588494300842285,3.3025007247924805,6.105199813842773
2018-10-11,7.906539440155029,3.3985469341278076,6.0802998542785645
2018-10-12,7.95137882232666,3.3320541381835938,5.917479991912842
2018-10-15,8.123258590698242,3.5463101863861084,5.879899978637695
2018-10-16,8.220409393310547,3.5463101863861084,5.780200004577637
2018-10-17,8.280195236206055,3.694073438644409,5.6915998458862305
2018-10-18,8.041056632995605,3.5758626461029053,5.587490081787109
2018-10-19,8.227882385253906,3.6571319103240967,5.6356000900268555
2018-10-22,8.085892677307129,3.501981019973755,5.650700092315674
2018-10-23,7.906539440155029,3.442876100540161,5.665900230407715
2018-10-24,8.250301361083984,3.5463101863861084,5.747220039367676
2018-10-25,8.64637565612793,3.9304940700531006,5.700769901275635
2018-10-26,8.75847339630127,3.9378814697265625,5.6356000900268555
2018-10-29,8.75847339630127,4.01915168762207,5.589399814605713
2018-10-30,8.56417465209961,3.96004581451416,5.559619903564453
2018-10-31,8.392292976379395,3.8122830390930176,5.480899810791016
2018-11-01,8.900460243225098,4.011763095855713,5.584000110626221
2018-11-02,8.90793514251709,4.041316032409668,5.524799823760986
2018-11-05,8.945301055908203,4.129973411560059,5.431000232696533
2018-11-06,8.945301055908203,4.070868968963623,5.320099830627441
2018-11-07,8.75847339630127,4.0339274406433105,5.361199855804443
2018-11-08,8.706160545349121,3.886164665222168,5.36359977722168
2018-11-09,8.706160545349121,3.849224090576172,5.457039833068848
2018-11-12,8.511862754821777,3.7753427028656006,5.460820198059082
2018-11-13,8.549225807189941,3.8640007972717285,5.471799850463867
2018-11-14,8.773419380187988,3.9304940700531006,5.478000164031982
2018-11-15,8.803312301635742,4.01915168762207,5.45697021484375
2018-11-16,8.848150253295898,4.063479900360107,5.393899917602539
2018-11-19,9.005086898803711,4.122585296630859,5.337699890136719
2018-11-20,8.638903617858887,3.8640007972717285,5.311999797821045
2018-11-21,8.780893325805664,4.063479900360107,5.382500171661377
2018-11-23,9.16202163696289,4.203855037689209,5.298500061035156
2018-11-26,9.423579216003418,4.32945442199707,5.291460037231445
2018-11-27,9.52072811126709,4.469828128814697,5.244840145111084
2018-11-28,9.535676002502441,4.491992473602295,5.26200008392334
2018-11-29,9.625351905822754,4.528933525085449,5.218999862670898
2018-11-30,9.401159286499023,4.4476637840271,5.170199871063232
2018-12-03,9.595459938049316,4.425499439239502,5.190209865570068
2018-12-04,9.304009437561035,4.181690692901611,5.250800132751465
2018-12-06,9.176965713500977,4.218631744384766,5.326700210571289
2018-12-07,9.229277610778809,4.189079284667969,5.3379998207092285
2018-12-10,9.117181777954102,4.1521382331848145,5.322400093078613
2018-12-11,9.079816818237305,4.0856451988220215,5.3282999992370605
2018-12-12,9.401159286499023,4.277736663818359,5.360199928283691
2018-12-13,9.326427459716797,4.248183727264404,5.34689998626709
2018-12-14,9.199384689331055,4.10042142868042,5.341670036315918
2018-12-17,9.19011116027832,4.112538814544678,5.367700099945068
2018-12-18,9.220718383789062,4.279160976409912,5.373000144958496
2018-12-19,9.327845573425293,4.1579813957214355,5.336080074310303
2018-12-20,9.182456970214844,4.25644063949585,5.297699928283691
2018-12-21,9.167154312133789,4.203423976898193,5.264200210571289
2018-12-24,9.381412506103516,4.195850372314453,5.310989856719971
2018-12-26,9.427323341369629,4.423062324523926,5.284299850463867
2018-12-27,9.159501075744629,4.279160976409912,5.2741498947143555
2018-12-28,9.182456970214844,4.226144313812256,5.293379783630371
2018-12-31,9.358454704284668,4.25644063949585,5.274280071258545
2019-01-02,9.006461143493652,4.173129081726074,5.288700103759766
2019-01-03,9.1135892868042,4.074670791625977,5.5152997970581055
2019-01-04,9.044720649719238,4.203423976898193,5.4721999168396
2019-01-07,9.450279235839844,4.332177639007568,5.327000141143799
2019-01-08,9.702796936035156,4.354898929595947,5.383800029754639
2019-01-09,9.702796936035156,4.332177639007568,5.482500076293945
2019-01-10,9.618624687194824,4.347324371337891,5.475599765777588
2019-01-11,9.748708724975586,4.400341510772705,5.42441987991333
2019-01-14,9.802273750305176,4.430635452270508,5.480800151824951
2019-01-15,10.207832336425781,4.559389591217041,5.460700035095215
2019-01-16,10.475652694702148,4.763880252838135,5.446599960327148
2019-01-17,10.582784652709961,4.847192764282227,5.335669994354248
2019-01-18,10.888863563537598,4.991092205047607,5.352700233459473
2019-01-22,11.064862251281738,5.028960704803467,5.325799942016602
2019-01-23,11.095468521118164,5.16528844833374,5.3394999504089355
2019-01-24,11.02660083770752,5.1122727394104,5.2881999015808105
2019-01-25,11.064862251281738,5.097125053405762,5.268899917602539
2019-01-28,10.94243049621582,5.074403762817383,5.268899917602539
2019-01-29,11.286770820617676,5.21830415725708,5.32289981842041
2019-01-30,11.20259952545166,5.286468029022217,5.3084001541137695
2019-01-31,11.149033546447754,5.263746738433838,5.227409839630127
2019-02-01,11.080166816711426,5.195583820343018,5.180200099945068
2019-02-04,11.20259952545166,5.278894424438477,5.211939811706543
2019-02-05,11.02660083770752,5.233451843261719,5.210840225219727
2019-02-06,11.041906356811523,5.127419471740723,5.196979999542236
2019-02-07,11.011299133300781,5.1122727394104,5.218989849090576
2019-02-08,11.095468521118164,5.2031569480896,5.271190166473389
2019-02-11,11.569896697998047,5.324337005615234,5.250800132751465
2019-02-12,11.5239839553833,5.324337005615234,5.272799968719482
2019-02-13,11.462767601013184,5.241025447845459,5.251609802246094
2019-02-14,11.309727668762207,5.256173610687256,5.287499904632568
2019-02-15,11.401552200317383,5.278894424438477,5.275899887084961
2019-02-19,11.432160377502441,5.233451843261719,5.298999786376953
2019-02-20,11.424508094787598,5.294042110443115,5.282529830932617
2019-02-21,10.66695499420166,4.847192764282227,5.323050022125244
2019-02-22,10.60573959350586,4.869912147521973,5.31879997253418
2019-02-25,10.896516799926758,5.051682472229004,5.319399833679199
2019-02-26,10.789388656616211,5.036535263061523,5.302800178527832
2019-02-27,10.81999683380127,5.0138139724731445,5.303800106048584
2019-02-28,10.973036766052246,4.998666286468506,5.309370040893555
2019-03-01,10.682258605957031,4.839617729187012,5.341780185699463
2019-03-04,10.72817325592041,4.8850603103637695,5.371600151062012
2019-03-05,10.850604057312012,4.975945472717285,5.389009952545166
2019-03-06,10.621042251586914,4.741159439086914,5.386600017547607
2019-03-07,10.643999099731445,4.786602020263672,5.431300163269043
2019-03-08,10.82764720916748,4.862339019775391,5.459799766540527
2019-03-11,10.973036766052246,4.991092205047607,5.432240009307861
2019-03-12,11.003645896911621,4.8850603103637695,5.4355998039245605
2019-03-13,11.049556732177734,4.877486228942871,5.456200122833252
2019-03-14,10.965386390686035,4.907781600952148,5.46028995513916
2019-03-15,10.613391876220703,4.756306171417236,5.470300197601318
2019-03-18,10.292004585266113,4.589684009552002,5.447279930114746
2019-03-19,10.223136901855469,4.58211088180542,5.468100070953369
2019-03-20,9.978272438049316,4.476078510284424,5.474999904632568
2019-03-21,10.192527770996094,4.58211088180542,5.4278998374938965
2019-03-22,10.138964653015137,4.25644063949585,5.464280128479004
2019-03-25,9.993574142456055,4.407914638519287,5.676819801330566
2019-03-26,9.924707412719727,4.4457831382751465,5.5596699714660645
2019-03-27,8.730988502502441,4.135260105133057,5.3653998374938965
2019-03-28,9.412018775939941,4.097391605377197,5.394700050354004
2019-03-29,9.327845573425293,4.0595221519470215,5.571700096130371
2019-04-01,9.151849746704102,4.1049652099609375,5.591710090637207
2019-04-02,9.312543869018555,4.0595221519470215,5.515399932861328
2019-04-03,9.289587020874023,4.029228210449219,5.615600109100342
2019-04-04,9.733405113220215,4.286734580993652,5.622700214385986
2019-04-05,9.710448265075684,4.210997581481934,5.605400085449219
2019-04-08,9.526801109313965,4.120112895965576,5.6381001472473145
2019-04-09,9.56506061553955,4.127686023712158,5.691400051116943
2019-04-10,9.588016510009766,4.120112895965576,5.681950092315674
2019-04-11,9.56506061553955,4.029228210449219,5.682700157165527
2019-04-12,9.496192932128906,4.014080047607422,5.732089996337891
2019-04-15,9.664536476135254,4.067096710205078,5.78410005569458
2019-04-16,9.794621467590332,4.195850372314453,5.804200172424316
2019-04-17,10.001227378845215,4.286734580993652,5.787909984588623
2019-04-18,9.802273750305176,4.1504082679748535,5.758800029754639
2019-04-22,9.771666526794434,4.074670791625977,5.825399875640869
2019-04-23,9.771666526794434,4.067096710205078,5.827199935913086
2019-04-24,9.641580581665039,4.021653652191162,5.834000110626221
2019-04-25,9.519145965576172,3.9762117862701416,5.885499954223633
2019-04-26,9.588016510009766,3.9534904956817627,5.958499908447266
2019-04-29,9.641580581665039,3.961064338684082,5.944699764251709
2019-04-30,9.549756050109863,3.9534904956817627,5.94890022277832
2019-05-01,9.549756050109863,4.029228210449219,5.965000152587891
2019-05-02,9.312543869018555,3.8474583625793457,5.962100028991699
2019-05-03,9.327845573425293,3.900474786758423,5.964799880981445
2019-05-06,9.182456970214844,3.8095898628234863,5.981729984283447
2019-05-07,8.884028434753418,3.650540828704834,6.085549831390381
2019-05-08,8.906984329223633,3.6278200149536133,6.1570000648498535
2019-05-09,8.723334312438965,3.567229747772217,6.160900115966797
2019-05-10,8.92228889465332,3.741426467895508,6.1596999168396
2019-05-13,8.70803165435791,3.544508695602417,5.992499828338623
2019-05-14,8.65446662902832,3.5596554279327393,6.095099925994873
2019-05-15,8.677422523498535,3.5596554279327393,6.035900115966797
2019-05-16,8.662118911743164,3.514214277267456,6.0142998695373535
2019-05-17,8.64681339263916,3.514214277267456,6.054800033569336
2019-05-20,8.577946662902832,3.514214277267456,6.060800075531006
2019-05-21,8.70037841796875,3.5596554279327393,6.0254998207092285
2019-05-23,8.753942489624023,3.567229747772217,6.121200084686279
2019-05-24,8.723334312438965,3.5823776721954346,6.117300033569336
2019-05-28,8.70803165435791,3.5369346141815186,6.065700054168701
2019-05-29,8.807510375976562,3.6581151485443115,6.029620170593262
2019-05-30,8.929940223693848,3.7868685722351074,6.016600131988525
2019-05-31,8.87637710571289,3.7489991188049316,5.912499904632568
2019-06-03,9.220718383789062,3.8171632289886475,5.864099979400635
2019-06-04,9.220718383789062,3.8929004669189453,5.83489990234375
2019-06-05,9.220718383789062,3.9156219959259033,5.774720191955566
2019-06-06,9.220718383789062,3.8398849964141846,5.717870235443115
2019-06-07,9.802273750305176,4.120112895965576,5.791399955749512
2019-06-10,9.695146560668945,4.0595221519470215,5.841800212860107
2019-06-11,9.465584754943848,3.9989328384399414,5.791299819946289
2019-06-12,9.526801109313965,4.006506443023682,5.804500102996826
2019-06-13,9.289587020874023,3.900474786758423,5.81279993057251
2019-06-14,9.480888366699219,3.930769443511963,5.875899791717529
2019-06-17,9.488540649414062,3.930769443511963,5.915999889373779
2019-06-18,9.747101783752441,4.036801815032959,5.869900226593018
2019-06-19,9.63124942779541,4.014080047607422,5.826159954071045
2019-06-20,9.63124942779541,4.074670791625977,5.791269779205322
2019-06-21,9.677590370178223,4.036801815032959,5.764200210571289
2019-06-24,9.971084594726562,4.142834186553955,5.764400005340576
2019-06-25,9.870677947998047,4.089818000793457,5.799139976501465
2019-06-26,9.739378929138184,4.0595221519470215,5.793499946594238
2019-06-27,9.801167488098145,4.089818000793457,5.770899772644043
2019-06-28,9.855234146118164,4.1504082679748535,5.7718000411987305
2019-07-01,10.372709274291992,4.4382100105285645,5.733590126037598
2019-07-02,10.225961685180664,4.370046615600586,5.651800155639648
2019-07-03,10.179619789123535,4.385193347930908,5.65310001373291
2019-07-05,9.924745559692383,4.27158784866333,5.595369815826416
2019-07-08,9.754825592041016,4.074670791625977,5.742370128631592
2019-07-09,9.855234146118164,4.165554523468018,5.730440139770508
2019-07-10,10.094660758972168,4.332177639007568,5.725820064544678
2019-07-11,10.357261657714844,4.423062324523926,5.6850199699401855
2019-07-12,10.27230453491211,4.32460355758667,5.687849998474121
2019-07-15,10.27230453491211,4.294309139251709,5.724730014801025
2019-07-16,10.27230453491211,4.309455871582031,5.70704984664917
2019-07-17,10.287749290466309,4.32460355758667,5.714200019836426
2019-07-18,10.310920715332031,4.400341510772705,5.683000087738037
2019-07-19,10.264579772949219,4.370046615600586,5.622600078582764
2019-07-22,10.210515022277832,4.339751243591309,5.653800010681152
2019-07-23,10.372709274291992,4.385193347930908,5.66949987411499
2019-07-24,10.465391159057617,4.4382100105285645,5.717629909515381
2019-07-25,10.233684539794922,4.301882743835449,5.709020137786865
2019-07-26,10.27230453491211,4.3624725341796875,5.698209762573242
2019-07-29,10.465391159057617,4.513947010040283,5.656300067901611
2019-07-30,10.449943542480469,4.513947010040283,5.617099761962891
2019-07-31,10.110107421875,4.203423976898193,5.557700157165527
2019-08-01,9.95563793182373,4.264013767242432,5.575409889221191
2019-08-02,9.49994945526123,4.195850372314453,5.604100227355957
2019-08-05,9.36092472076416,4.120112895965576,5.548130035400391
2019-08-06,9.608077049255371,4.226144313812256,5.590199947357178
2019-08-07,9.275964736938477,4.1504082679748535,5.526760101318359
2019-08-08,9.57718563079834,4.309455871582031,5.492400169372559
2019-08-09,9.523119926452637,4.226144313812256,5.484600067138672
2019-08-12,9.523119926452637,4.1579813957214355,5.48744010925293
2019-08-13,9.523119926452637,4.165554523468018,5.563399791717529
2019-08-14,9.523119926452637,4.089818000793457,5.562449932098389
2019-08-15,9.353202819824219,4.0822434425354,5.6118998527526855
2019-08-16,9.63124942779541,4.248866081237793,5.5690999031066895
2019-08-19,9.685314178466797,4.210997581481934,5.58620023727417
2019-08-20,9.49994945526123,4.0595221519470215,5.649099826812744
2019-08-21,9.260519981384277,3.9989328384399414,5.731900215148926
2019-08-22,9.677590370178223,4.1579813957214355,5.724999904632568
2019-08-23,9.762551307678223,4.120112895965576,5.768099784851074
2019-08-26,9.554014205932617,4.036801815032959,5.828199863433838
2019-08-27,9.330032348632812,3.983785390853882,5.828499794006348
2019-08-28,9.507672309875488,4.0519490242004395,5.830699920654297
2019-08-29,9.947915077209473,4.2337188720703125,5.822500228881836
2019-08-30,9.947915077209473,4.241292476654053,5.832699775695801
2019-09-03,10.148726463317871,4.415488243103027,5.80709981918335
2019-09-04,10.280027389526367,4.513947010040283,5.7225799560546875
2019-09-05,10.233684539794922,4.4382100105285645,5.671720027923584
2019-09-06,10.0097017288208,4.3170294761657715,5.691199779510498
2019-09-09,10.110107421875,4.332177639007568,5.704949855804443
2019-09-10,10.171896934509277,4.377619743347168,5.74399995803833
2019-09-11,10.295472145080566,4.4457831382751465,5.766970157623291
2019-09-12,10.225961685180664,4.468504428863525,5.747099876403809
2019-09-13,10.434496879577637,4.491225242614746,5.660399913787842
2019-09-16,10.21823787689209,4.407914638519287,5.727799892425537
2019-09-17,10.02514934539795,4.3624725341796875,5.728700160980225
2019-09-18,9.870677947998047,4.3170294761657715,5.7017998695373535
2019-09-19,9.808891296386719,4.248866081237793,5.6803998947143555
2019-09-20,9.785719871520996,4.173129081726074,5.717299938201904
2019-09-23,9.901572227478027,4.301882743835449,5.740699768066406
2019-09-24,9.963360786437988,4.3170294761657715,5.719200134277344
2019-09-25,10.18734359741211,4.476078510284424,5.6956000328063965
2019-09-26,9.924745559692383,4.301882743835449,5.672399997711182
2019-09-27,10.03287410736084,4.354898929595947,5.66519021987915
2019-09-30,10.08693790435791,4.377619743347168,5.667699813842773
2019-10-01,9.832060813903809,4.27158784866333,5.6483001708984375
2019-10-02,10.017427444458008,4.332177639007568,5.717619895935059
2019-10-03,9.878401756286621,4.332177639007568,5.702700138092041
2019-10-04,10.07921314239502,4.400341510772705,5.694399833679199
2019-10-07,10.017427444458008,4.218571662902832,5.71150016784668
2019-10-08,10.11783218383789,4.294309139251709,5.840000152587891
2019-10-09,10.07921314239502,4.226144313812256,5.833809852600098
2019-10-10,9.623526573181152,4.074670791625977,5.876399993896484
2019-10-11,9.801167488098145,4.127686023712158,5.842700004577637
2019-10-14,9.422713279724121,3.908048152923584,5.8942999839782715
2019-10-15,9.422713279724121,3.9459164142608643,5.9274001121521
2019-10-16,9.306861877441406,3.9231956005096436,5.921800136566162
2019-10-17,9.1832857131958,4.089818000793457,5.884099960327148
2019-10-18,9.57718563079834,4.112538814544678,5.817200183868408
2019-10-21,9.49994945526123,4.014080047607422,5.797999858856201
2019-10-22,9.530842781066895,4.044375419616699,5.858520030975342
2019-10-23,9.793444633483887,4.226144313812256,5.799620151519775
2019-10-24,9.917019844055176,4.218571662902832,5.735770225524902
2019-10-25,9.940190315246582,4.2337188720703125,5.76609992980957
2019-10-28,9.986533164978027,4.27158784866333,5.771999835968018
2019-10-30,9.932466506958008,4.309455871582031,5.750899791717529
2019-10-31,10.059889793395996,4.295321464538574,5.701000213623047
2019-11-01,9.92372989654541,4.263911247253418,5.7108001708984375
2019-11-04,9.851644515991211,4.263911247253418,5.7027997970581055
2019-11-05,10.180032730102539,4.397404193878174,5.73330020904541
2019-11-06,10.29216480255127,4.475928783416748,5.752999782562256
2019-11-07,10.540458679199219,4.554454326629639,5.75029993057251
2019-11-08,10.556476593017578,4.578011512756348,5.7657999992370605
2019-11-11,10.628561973571777,4.593716621398926,5.7657599449157715
2019-11-12,10.732685089111328,4.570159912109375,5.7687602043151855
2019-11-13,10.532448768615723,4.507339000701904,5.7716898918151855
2019-11-14,10.444343566894531,4.4837822914123535,5.753429889678955
2019-11-15,10.540458679199219,4.515192031860352,5.7494001388549805
2019-11-18,10.724675178527832,4.601569652557373,5.744420051574707
2019-11-19,10.804770469665527,4.648684501647949,5.725830078125
2019-11-20,10.724675178527832,4.632979393005371,5.702300071716309
2019-11-21,10.596524238586426,4.54660177230835,5.699100017547607
2019-11-22,10.484392166137695,4.515192031860352,5.6971001625061035
2019-11-25,10.524439811706543,4.562306880950928,5.71504020690918
2019-11-26,10.548468589782715,4.554454326629639,5.741700172424316
2019-11-27,10.676618576049805,4.562306880950928,5.759300231933594
2019-11-29,10.86884593963623,4.625126838684082,5.757999897003174
2019-12-02,10.76472282409668,4.617275238037109,5.747600078582764
2019-12-03,10.684627532958984,4.562306880950928,5.740230083465576
2019-12-04,10.820789337158203,4.625126838684082,5.742499828338623
2019-12-05,11.085101127624512,4.74291467666626,5.74567985534668
2019-12-06,11.061074256896973,4.7350616455078125,5.745329856872559
2019-12-09,10.860836029052734,4.593716621398926,5.778709888458252
2019-12-10,10.684627532958984,4.54660177230835,5.810400009155273
2019-12-11,10.76472282409668,4.625126838684082,5.804900169372559
2019-12-12,10.884864807128906,4.601569652557373,5.803899765014648
2019-12-13,10.956951141357422,4.64083194732666,5.771999835968018
2019-12-16,11.069083213806152,4.6879472732543945,5.8070502281188965
2019-12-17,11.005006790161133,4.617275238037109,5.848030090332031
2019-12-18,10.964959144592285,4.54660177230835,5.8850998878479
2019-12-19,11.109130859375,4.609421730041504,5.926499843597412
2019-12-20,10.924911499023438,4.499486923217773,5.940100193023682
2019-12-23,10.964959144592285,4.5387492179870605,5.935850143432617
2019-12-24,11.05306339263916,4.601569652557373,5.947199821472168
2019-12-26,11.165196418762207,4.632979393005371,5.934619903564453
2019-12-27,11.133156776428223,4.609421730041504,5.932300090789795
2019-12-30,11.11713981628418,4.617275238037109,5.948790073394775
2019-12-31,11.037044525146484,4.554454326629639,5.9472198486328125
2020-01-02,11.245291709899902,4.64083194732666,5.946300029754639
2020-01-03,11.101120948791504,4.554454326629639,5.955699920654297
2020-01-06,10.964959144592285,4.554454326629639,5.967959880828857
2020-01-07,11.133156776428223,4.617275238037109,5.968999862670898
2020-01-08,11.093111038208008,4.609421730041504,5.974370002746582
2020-01-09,11.77391529083252,4.860701560974121,5.908899784088135
2020-01-10,11.557660102844238,4.829292297363281,5.877299785614014
2020-01-13,11.59770679473877,4.931374549865723,5.875329971313477
2020-01-14,11.765905380249023,4.8921122550964355,5.865499973297119
2020-01-15,11.621735572814941,4.821439266204834,5.8871002197265625
2020-01-16,11.613725662231445,4.837144374847412,5.875349998474121
2020-01-17,11.485575675964355,4.782176971435547,5.855100154876709
2020-01-21,11.934106826782227,4.8921122550964355,5.91077995300293
2020-01-22,11.797944068908691,4.8921122550964355,5.93310022354126
2020-01-23,11.765905380249023,4.8921122550964355,5.9196600914001465
2020-01-24,11.557660102844238,4.7350616455078125,5.929200172424316
2020-01-27,11.277329444885254,4.625126838684082,5.944779872894287
2020-01-28,11.181215286254883,4.632979393005371,5.942800045013428
2020-01-29,11.389461517333984,4.664389610290527,5.940999984741211
2020-01-30,11.34941291809082,4.65653657913208,5.95665979385376
2020-01-31,11.333395957946777,4.578011512756348,5.97415018081665
2020-02-03,11.389461517333984,4.632979393005371,5.975039958953857
2020-02-04,11.6377534866333,4.727209568023682,5.98360013961792
2020-02-05,11.581687927246094,4.695799350738525,5.977719783782959
2020-02-06,11.541641235351562,4.6800947189331055,5.980899810791016
2020-02-07,11.501592636108398,4.632979393005371,5.98769998550415
2020-02-10,11.269319534301758,4.593716621398926,5.986939907073975
2020-02-11,11.47756576538086,4.6722412109375,6.00570011138916
2020-02-12,11.749887466430664,4.750766754150391,6.015999794006348
2020-02-13,11.741878509521484,4.6722412109375,6.0441999435424805
2020-02-14,11.581687927246094,4.625126838684082,6.039700031280518
2020-02-18,11.701830863952637,4.625126838684082,6.0467000007629395
2020-02-19,11.797944068908691,4.6800947189331055,6.064000129699707
2020-02-20,11.661783218383789,4.4837822914123535,6.083000183105469
2020-02-21,11.605717658996582,4.578011512756348,6.102399826049805
2020-02-24,11.325386047363281,4.460224628448486,6.109189987182617
2020-02-25,11.677802085876465,4.554454326629639,6.115200042724609
2020-02-26,11.47756576538086,4.53089714050293,6.147299766540527
2020-02-27,11.317377090454102,4.365993499755859,6.160099983215332
2020-02-28,10.892874717712402,4.287468910217285,6.206769943237305
2020-03-02,11.125149726867676,4.436666488647461,6.249269962310791
2020-03-03,11.325386047363281,4.4837822914123535,6.171299934387207
2020-03-04,11.757898330688477,4.6800947189331055,6.112199783325195
2020-03-05,11.990172386169434,4.664389610290527,6.079800128936768
2020-03-06,11.661783218383789,4.53089714050293,6.102530002593994
2020-03-09,11.013016700744629,4.193238735198975,6.121079921722412
2020-03-10,10.70865535736084,4.256059646606445,6.157400131225586
2020-03-11,10.70865535736084,4.240354537963867,6.170619964599609
2020-03-12,10.540458679199219,3.9262540340423584,6.211100101470947
2020-03-13,10.332212448120117,4.201091766357422,6.316199779510498
2020-03-16,9.803586959838867,3.6671204566955566,6.282869815826416
2020-03-17,10.067899703979492,3.910548686981201,6.429299831390381
2020-03-18,9.955766677856445,3.5650386810302734,6.399700164794922
2020-03-19,9.651408195495605,3.643564224243164,6.47189998626709
2020-03-20,10.147994041442871,3.6592681407928467,6.541319847106934
2020-03-23,10.876855850219727,4.028336524963379,6.5572099685668945
2020-03-24,10.756714820861816,3.9498112201690674,6.5467000007629395
2020-03-25,10.548468589782715,3.910548686981201,6.436299800872803
2020-03-26,10.70865535736084,4.028336524963379,6.418600082397461
2020-03-27,10.067899703979492,3.7613511085510254,6.399799823760986
2020-03-30,9.94775676727295,3.6592681407928467,6.459799766540527
2020-03-31,9.835624694824219,3.6514158248901367,6.565040111541748
2020-04-01,9.763538360595703,3.4472506046295166,6.612989902496338
2020-04-02,9.979796409606934,3.674973487854004,6.707300186157227
2020-04-03,9.987804412841797,3.6671204566955566,6.632299900054932
2020-04-06,10.164012908935547,3.7692039012908936,6.739999771118164
2020-04-07,10.172022819519043,3.7142364978790283,6.765699863433838
2020-04-08,10.484392166137695,3.8084661960601807,6.757689952850342
2020-04-09,10.564486503601074,3.894843816757202,6.772900104522705
2020-04-13,10.452354431152344,3.855581045150757,6.722799777984619
2020-04-14,10.58050537109375,3.886990785598755,6.767330169677734
2020-04-15,10.404296875,3.7534990310668945,6.816530227661133
2020-04-16,10.42031478881836,3.698530912399292,6.897029876708984
2020-04-17,10.684627532958984,3.8006136417388916,6.922100067138672
2020-04-20,10.700647354125977,3.7456459999084473,6.904399871826172
2020-04-21,10.58050537109375,3.7613511085510254,6.9405999183654785
2020-04-22,10.884864807128906,3.9655165672302246,6.974699974060059
2020-04-24,10.900882720947266,3.871285915374756,6.955999851226807
2020-04-27,11.109130859375,3.832024574279785,6.965799808502197
2020-04-28,11.157186508178711,3.839876174926758,6.985300064086914
2020-04-29,11.11713981628418,3.863433837890625,6.987100124359131
2020-04-30,11.125149726867676,3.902696132659912,6.951000213623047
2020-05-04,10.812780380249023,3.7849082946777344,7.0167999267578125
2020-05-05,10.756714820861816,3.722088575363159,7.0446600914001465
2020-05-06,10.668608665466309,3.6357107162475586,7.083700180053711
2020-05-07,10.588515281677246,3.682826280593872,7.197080135345459
2020-05-08,10.676618576049805,3.706383466720581,7.0883002281188965
2020-05-11,10.70865535736084,3.674973487854004,7.093999862670898
2020-05-12,10.884864807128906,3.7299416065216064,7.063399791717529
2020-05-13,10.988988876342773,3.7534990310668945,6.9920501708984375
2020-05-14,10.692638397216797,3.7142364978790283,6.969860076904297
2020-05-15,10.716667175292969,3.643564224243164,6.925300121307373
2020-05-18,10.972968101501465,3.9419589042663574,6.883339881896973
2020-05-20,11.125149726867676,3.9184017181396484,6.779789924621582
2020-05-21,11.237281799316406,3.9262540340423584,6.78410005569458
2020-05-22,11.35742473602295,3.9733684062957764,6.789999961853027
2020-05-27,11.141168594360352,3.9890737533569336,6.72553014755249
2020-05-28,11.11713981628418,3.9419589042663574,6.7754998207092285
2020-05-29,11.021026611328125,4.067599296569824,6.811049938201904
2020-06-01,11.253300666809082,4.075451374053955,6.804100036621094
2020-06-02,11.205243110656738,4.1068620681762695,6.804599761962891
2020-06-03,11.29334831237793,4.1068620681762695,6.696300029754639
2020-06-04,11.35742473602295,4.138271808624268,6.724100112915039
2020-06-05,11.685811996459961,4.263911247253418,6.748899936676025
2020-06-08,11.517613410949707,4.240354537963867,6.76140022277832
2020-06-09,11.42149829864502,4.153976917266846,6.775400161743164
2020-06-10,11.40548038482666,4.161828994750977,6.787499904632568
2020-06-11,11.437517166137695,4.091156482696533,6.769899845123291
2020-06-12,11.40548038482666,4.161828994750977,6.835100173950195
2020-06-15,11.565670013427734,4.224649429321289,6.813399791717529
2020-06-16,11.837992668151855,4.303174018859863,6.822169780731201
2020-06-17,11.854010581970215,4.263911247253418,6.830959796905518
2020-06-18,12.999363899230957,4.609421730041504,6.8317999839782715
2020-06-19,13.544007301330566,4.876407623291016,6.853109836578369
2020-06-22,13.167562484741211,4.703652381896973,6.84689998626709
2020-06-23,13.391827583312988,4.6879472732543945,6.842299938201904
2020-06-24,13.41585636138916,4.6879472732543945,6.844600200653076
2020-06-25,13.295714378356934,4.632979393005371,6.850480079650879
2020-06-26,13.263676643371582,4.585864067077637,6.8527398109436035
2020-06-29,13.223628997802734,4.554454326629639,6.8505401611328125
2020-06-30,13.263676643371582,4.523044586181641,6.8495001792907715
2020-07-01,12.911262512207031,4.554454326629639,6.847300052642822
2020-07-02,12.975336074829102,4.585864067077637,6.845600128173828
2020-07-06,13.01538372039795,4.54660177230835,6.858500003814697
2020-07-07,13.119504928588867,4.570159912109375,6.856200218200684
2020-07-08,13.11149787902832,4.5387492179870605,6.853360176086426
2020-07-09,12.678985595703125,4.452371597290039,6.85791015625
2020-07-10,12.887232780456543,4.491633892059326,6.857729911804199
2020-07-13,13.11149787902832,4.53089714050293,6.8597002029418945
2020-07-14,12.927278518676758,4.54660177230835,6.855400085449219
2020-07-16,12.975336074829102,4.54660177230835,6.85290002822876
2020-07-17,12.975336074829102,4.515192031860352,6.855629920959473
2020-07-20,12.991353034973145,4.54660177230835,6.851900100708008
2020-07-21,13.151545524597168,4.578011512756348,6.853650093078613
2020-07-22,12.927278518676758,4.5387492179870605,6.826879978179932
2020-07-23,12.95130729675293,4.54660177230835,6.840199947357178
2020-07-24,12.847184181213379,4.468076705932617,6.83558988571167
2020-07-27,12.815147399902344,4.491633892059326,6.840700149536133
2020-07-28,12.174389839172363,4.3345842361450195,6.8790998458862305
2020-07-29,12.022209167480469,4.224649429321289,6.938799858093262
2020-07-30,11.902066230773926,4.177534103393555,6.970699787139893
2020-08-04,11.862020492553711,4.216797351837158,6.960400104522705
2020-08-05,12.046236991882324,4.263911247253418,6.92609977722168
2020-08-06,11.717849731445312,4.083302974700928,7.0495500564575195
2020-08-07,11.886048316955566,4.1304192543029785,7.223239898681641
2020-08-10,11.934106826782227,4.122566223144531,7.29964017868042
2020-08-11,12.1343412399292,4.138271808624268,7.328100204467773
2020-08-12,12.334578514099121,4.224649429321289,7.224120140075684
2020-08-13,12.406662940979004,4.279615879058838,7.319019794464111
2020-08-14,11.862020492553711,4.083302974700928,7.332099914550781
2020-08-17,11.854010581970215,4.004778861999512,7.366000175476074
2020-08-18,11.926095008850098,4.059746265411377,7.373429775238037
2020-08-19,12.206428527832031,4.1147141456604,7.3649001121521
2020-08-20,12.318558692932129,4.075451374053955,7.277900218963623
2020-08-21,12.038228034973145,4.044041633605957,7.296199798583984
2020-08-24,11.82998275756836,4.012631893157959,7.284570217132568
2020-08-25,11.613725662231445,3.902696132659912,7.372900009155273
2020-08-26,11.557660102844238,3.871285915374756,7.393199920654297
2020-08-27,11.677802085876465,3.902696132659912,7.348750114440918
2020-08-28,11.661783218383789,3.9419589042663574,7.35260009765625
2020-08-31,11.46955680847168,3.832024574279785,7.324900150299072
2020-09-01,11.445527076721191,3.832024574279785,7.35260009765625
2020-09-02,11.605717658996582,3.8084661960601807,7.359399795532227
2020-09-03,11.581687927246094,3.7613511085510254,7.363239765167236
2020-09-04,11.837992668151855,3.855581045150757,7.4220099449157715
2020-09-08,11.621735572814941,3.8006136417388916,7.449699878692627
2020-09-09,11.557660102844238,3.7770559787750244,7.479100227355957
2020-09-10,11.565670013427734,3.7299416065216064,7.4688801765441895
2020-09-11,11.485575675964355,3.737793445587158,7.442500114440918
2020-09-14,11.429509162902832,3.7692039012908936,7.467289924621582
2020-09-15,11.493586540222168,3.7456459999084473,7.483500003814697
2020-09-16,11.461546897888184,3.674973487854004,7.485400199890137
2020-09-17,11.485575675964355,3.722088575363159,7.492700099945068
2020-09-18,11.565670013427734,3.7142364978790283,7.544600009918213
2020-09-21,11.77391529083252,3.706383466720581,7.557600021362305
2020-09-22,12.102304458618164,3.7849082946777344,7.616640090942383
2020-09-23,12.438702583312988,3.863433837890625,7.667699813842773
2020-09-24,12.374624252319336,3.871285915374756,7.698599815368652
2020-09-25,12.206428527832031,3.8791391849517822,7.615699768066406
2020-09-28,11.99817943572998,3.7456459999084473,7.658180236816406
2020-09-29,12.006190299987793,3.6514158248901367,7.780360221862793
2020-09-30,12.158370018005371,3.7613511085510254,7.8113298416137695
2020-10-01,12.262494087219238,3.7927615642547607,7.705870151519775
2020-10-02,12.23846435546875,3.7849082946777344,7.751399993896484
2020-10-05,12.60689926147461,3.9341061115264893,7.736629962921143
2020-10-06,12.550834655761719,3.8477284908294678,7.760000228881836
2020-10-07,12.646947860717773,3.855581045150757,7.788269996643066
2020-10-08,12.590882301330566,3.9419589042663574,7.872690200805664
2020-10-09,12.807137489318848,3.902696132659912,7.940299987792969
2020-10-12,13.175573348999023,4.004778861999512,7.845250129699707
2020-10-13,13.11149787902832,3.9576637744903564,7.88539981842041
2020-10-14,13.511970520019531,4.083302974700928,7.9207000732421875
2020-10-15,13.223628997802734,4.03618860244751,7.906199932098389
2020-10-16,13.495950698852539,4.1068620681762695,7.9309000968933105
2020-10-19,13.83234977722168,4.295321464538574,7.912300109863281
2020-10-20,13.688178062438965,4.201091766357422,7.872640132904053
2020-10-21,13.335762023925781,4.177534103393555,7.857999801635742
2020-10-22,13.11149787902832,4.075451374053955,7.808040142059326
2020-10-23,13.071449279785156,4.028336524963379,7.941199779510498
2020-10-26,12.510787010192871,3.9184017181396484,7.97353982925415
2020-10-27,12.422682762145996,3.737793445587158,8.09022045135498
2020-10-28,11.966142654418945,3.7299416065216064,8.192700386047363
2020-10-30,11.741878509521484,3.4629557132720947,8.297940254211426
2020-11-02,12.046236991882324,3.502218246459961,8.363490104675293
2020-11-03,12.262494087219238,3.5807430744171143,8.433609962463379
2020-11-04,12.23846435546875,3.5571863651275635,8.432000160217285
2020-11-05,12.622919082641602,3.6514158248901367,8.440500259399414
2020-11-06,12.847184181213379,3.7456459999084473,8.42039966583252
2020-11-09,13.023392677307129,3.9184017181396484,8.437789916992188
2020-11-10,12.326568603515625,3.7456459999084473,8.107600212097168
2020-11-11,12.686995506286621,3.9812216758728027,8.149149894714355
2020-11-12,12.751070976257324,3.9655165672302246,7.7829999923706055
2020-11-13,12.999363899230957,4.1304192543029785,7.68179988861084
2020-11-16,12.871212005615234,4.1068620681762695,7.619949817657471
2020-11-17,12.542823791503906,4.067599296569824,7.688379764556885
2020-11-18,12.703014373779297,4.099009037017822,7.674650192260742
2020-11-19,12.847184181213379,4.161828994750977,7.6910600662231445
2020-11-20,12.895241737365723,4.091156482696533,7.539599895477295
2020-11-23,12.6950044631958,3.9812216758728027,7.617249965667725
2020-11-24,12.622919082641602,3.9812216758728027,7.873899936676025
2020-11-25,12.574862480163574,3.9498112201690674,7.993899822235107
2020-11-27,12.58287239074707,3.9890737533569336,7.8709001541137695
2020-11-30,12.081657409667969,3.9231526851654053,7.817319869995117
2020-12-01,12.524571418762207,3.9713878631591797,7.8225998878479
2020-12-02,12.458953857421875,3.93923020362854,7.817500114440918
2020-12-03,12.795239448547363,4.035701751708984,7.850490093231201
2020-12-04,12.852652549743652,4.0678582191467285,7.781199932098389
2020-12-07,12.631196975708008,4.019622802734375,7.801380157470703
2020-12-08,12.713218688964844,4.035701751708984,7.796760082244873
2020-12-09,12.664005279541016,4.003544330596924,7.8096699714660645
2020-12-10,12.631196975708008,4.019622802734375,7.817659854888916
2020-12-11,12.598388671875,3.93923020362854,7.886300086975098
2020-12-14,12.81164264678955,4.051779747009277,7.854340076446533
2020-12-15,12.737824440002441,4.035701751708984,7.847099781036377
2020-12-16,13.016695976257324,4.091976165771484,7.83050012588501
2020-12-17,12.967483520507812,4.108055591583252,7.794710159301758
2020-12-18,13.270960807800293,4.18844747543335,7.697700023651123
2020-12-21,12.754228591918945,4.075898170471191,7.658549785614014
2020-12-22,12.869057655334473,4.132171630859375,7.643249988555908
2020-12-23,12.87725830078125,4.156290054321289,7.65749979019165
2020-12-24,12.959280967712402,4.236682891845703,7.633299827575684
2020-12-28,13.156131744384766,4.309035778045654,7.569499969482422
2020-12-29,13.082311630249023,4.3653106689453125,7.4394001960754395
2020-12-30,13.311968803405762,4.357271194458008,7.388800144195557
2020-12-31,13.238150596618652,4.333153247833252,7.373730182647705
2021-01-04,13.476011276245117,4.357271194458008,7.433420181274414
2021-01-05,13.558032989501953,4.413546085357666,7.421500205993652
2021-01-06,13.828701972961426,4.534134864807129,7.383790016174316
2021-01-07,13.771286964416504,4.437663555145264,7.29971981048584
2021-01-08,13.828701972961426,4.4617815017700195,7.326600074768066
2021-01-11,13.787689208984375,4.4055070877075195,7.357649803161621
2021-01-12,13.697467803955078,4.3653106689453125,7.471950054168701
2021-01-13,14.066560745239258,4.614527225494385,7.446959972381592
2021-01-14,13.828701972961426,4.55021333694458,7.394269943237305
2021-01-15,13.623648643493652,4.477859973907471,7.366099834442139
2021-01-19,13.918923377990723,4.501977443695068,7.475180149078369
2021-01-20,13.746681213378906,4.501977443695068,7.466300010681152
2021-01-21,13.590839385986328,4.445703029632568,7.410600185394287
2021-01-22,13.56623363494873,4.453742504119873,7.365699768066406
2021-01-25,13.689266204833984,4.501977443695068,7.41772985458374
2021-01-26,13.56623363494873,4.566291809082031,7.40749979019165
2021-01-27,13.45140552520752,4.4617815017700195,7.347300052642822
2021-01-28,13.45140552520752,4.453742504119873,7.392240047454834
2021-01-29,13.074109077453613,4.3653106689453125,7.345779895782471
2021-02-01,13.180736541748047,4.49393892288208,7.277699947357178
2021-02-02,13.369383811950684,4.534134864807129,7.185070037841797
2021-02-03,13.599041938781738,4.638644695281982,7.192599773406982
2021-02-04,13.722074508666992,4.614527225494385,7.156599998474121
2021-02-05,13.713871002197266,4.686880111694336,7.132900238037109
2021-02-08,13.549830436706543,4.6788411140441895,7.0569000244140625
2021-02-09,13.795890808105469,4.7351155281066895,7.074900150299072
2021-02-10,13.722074508666992,4.751194477081299,7.0639801025390625
2021-02-11,13.574434280395508,4.743154525756836,7.055480003356934
2021-02-12,13.67286205291748,4.751194477081299,7.023900032043457
2021-02-16,13.828701972961426,4.791390895843506,6.956900119781494
2021-02-17,13.648255348205566,4.71099853515625,6.982399940490723
2021-02-18,13.590839385986328,4.694920063018799,6.963210105895996
2021-02-19,14.009146690368652,4.82354736328125,6.965590000152588
2021-02-22,13.582636833190918,4.775312423706055,6.981400012969971
2021-02-23,13.205341339111328,4.646684169769287,7.010000228881836
2021-02-24,12.836248397827148,4.574331283569336,7.100299835205078
2021-02-25,13.033099174499512,4.510017395019531,7.16379976272583
2021-02-26,13.000290870666504,4.373350620269775,7.3231000900268555
2021-03-01,13.221747398376465,4.469820499420166,7.413090229034424
2021-03-02,13.205341339111328,4.445703029632568,7.269370079040527
2021-03-03,13.254555702209473,4.4055070877075195,7.34499979019165
2021-03-04,13.221747398376465,4.349232196807861,7.456699848175049
2021-03-05,13.320172309875488,4.4215850830078125,7.508900165557861
2021-03-08,13.393988609313965,4.24472188949585,7.507740020751953
2021-03-09,13.517022132873535,4.3251142501831055,7.755760192871094
2021-03-10,13.697467803955078,4.437663555145264,7.606659889221191
2021-03-11,13.574434280395508,4.437663555145264,7.489699840545654
2021-03-12,13.590839385986328,4.4215850830078125,7.475100040435791
2021-03-15,13.623648643493652,4.453742504119873,7.556000232696533
2021-03-16,13.713871002197266,4.526095390319824,7.530720233917236
2021-03-17,13.500617027282715,4.4617815017700195,7.4882001876831055
2021-03-18,13.295563697814941,4.429625511169434,7.49429988861084
2021-03-19,13.000290870666504,4.413546085357666,7.320219993591309
2021-03-22,11.704363822937012,3.9231526851654053,8.095390319824219
2021-03-23,12.21289348602295,3.8749165534973145,7.825399875640869
2021-03-24,12.426145553588867,3.8507988452911377,7.939599990844727
2021-03-25,12.286709785461426,3.8186421394348145,7.911399841308594
2021-03-26,12.122668266296387,3.762367010116577,7.947999954223633
2021-03-29,12.057052612304688,3.762367010116577,8.118200302124023
2021-03-30,12.22929573059082,3.7141313552856445,8.243490219116211
2021-03-31,12.278509140014648,3.7543275356292725,8.324700355529785
2021-04-01,12.5327730178833,3.8186421394348145,8.241889953613281
2021-04-05,12.442549705505371,3.786484479904175,8.184000015258789
2021-04-06,12.795239448547363,3.8749165534973145,8.11340045928955
2021-04-07,12.450751304626465,3.802563428878784,8.14490032196045
2021-04-08,12.581985473632812,3.8266806602478027,8.14387035369873
2021-04-09,12.401538848876953,3.7945244312286377,8.12952995300293
2021-04-12,12.114466667175293,3.665895700454712,8.170999526977539
2021-04-13,12.057052612304688,3.690014123916626,8.154500007629395
2021-04-14,12.22929573059082,3.7141313552856445,8.107099533081055
2021-04-15,12.344124794006348,3.762367010116577,8.080300331115723
2021-04-16,12.368730545043945,3.7945244312286377,8.028800010681152
2021-04-19,12.286709785461426,3.770406484603882,8.076199531555176
2021-04-20,12.139073371887207,3.722170829772949,8.090399742126465
2021-04-21,12.032444953918457,3.690014123916626,8.10342025756836
2021-04-22,12.30311393737793,3.7060928344726562,8.190099716186523
2021-04-26,12.450751304626465,3.722170829772949,8.406160354614258
2021-04-27,12.508166313171387,3.722170829772949,8.290300369262695
2021-04-28,12.508166313171387,3.762367010116577,8.205940246582031
2021-04-29,12.729622840881348,3.802563428878784,8.184889793395996
2021-04-30,12.487105369567871,3.737386465072632,8.184880256652832
2021-05-03,12.512347221374512,3.7126352787017822,8.274550437927246
2021-05-04,12.453446388244629,3.6878838539123535,8.258999824523926
2021-05-05,12.44503116607666,3.7043848037719727,8.319299697875977
2021-05-06,12.428202629089355,3.737386465072632,8.329000473022461
2021-05-07,12.764782905578613,3.8198888301849365,8.276749610900879
2021-05-10,12.8405122756958,3.8363897800445557,8.23799991607666
2021-05-11,12.806854248046875,3.7703871726989746,8.271400451660156
2021-05-12,12.790026664733887,3.6713833808898926,8.28950023651123
2021-05-17,13.177092552185059,3.8363897800445557,8.445099830627441
2021-05-18,13.109776496887207,3.844640016555786,8.302020072937012
2021-05-20,13.118189811706543,3.8693912029266357,8.410599708557129
2021-05-21,13.118189811706543,3.8281397819519043,8.36931037902832
2021-05-24,13.261238098144531,3.861140251159668,8.416299819946289
2021-05-25,13.000388145446777,3.7703871726989746,8.377969741821289
2021-05-26,13.353797912597656,3.9023919105529785,8.452300071716309
2021-05-27,13.210748672485352,3.844640016555786,8.451199531555176
2021-05-28,13.278066635131836,3.8363897800445557,8.48235034942627
2021-06-01,13.446354866027832,3.8858916759490967,8.487799644470215
2021-06-02,13.54732894897461,3.9188928604125977,8.601699829101562
2021-06-03,13.437939643859863,3.8363897800445557,8.580490112304688
2021-06-04,13.62306022644043,3.91064190864563,8.70680046081543
2021-06-07,13.72403335571289,3.960144519805908,8.67300033569336
2021-06-08,13.799764633178711,3.9353933334350586,8.597149848937988
2021-06-09,13.757692337036133,3.9683945178985596,8.599699974060059
2021-06-10,13.883910179138184,4.042646884918213,8.582300186157227
2021-06-11,13.900738716125488,4.083898544311523,8.425200462341309
2021-06-14,13.925980567932129,4.100399494171143,8.378479957580566
2021-06-15,13.96805477142334,4.075649261474609,8.45576000213623
2021-06-16,13.96805477142334,4.042646884918213,8.555899620056152
2021-06-17,14.010127067565918,3.993145227432251,8.619999885559082
2021-06-18,13.925980567932129,3.943643569946289,8.71345043182373
2021-06-21,14.052200317382812,3.9683945178985596,8.754280090332031
2021-06-22,14.17841625213623,4.009645938873291,8.779199600219727
2021-06-23,14.186832427978516,4.0178961753845215,8.63895034790039
2021-06-24,14.34670639038086,4.02614688873291,8.634499549865723
2021-06-25,14.33829116821289,4.001395225524902,8.69729995727539
2021-06-28,14.32146167755127,4.009645938873291,8.747309684753418
2021-06-29,13.883910179138184,3.927142858505249,8.683099746704102
2021-06-30,13.54732894897461,3.8528900146484375,8.72599983215332
2021-07-01,13.665133476257324,3.8858916759490967,8.704700469970703
2021-07-02,13.505256652832031,3.861140251159668,8.664609909057617
2021-07-06,13.471599578857422,3.8281397819519043,8.65999984741211
2021-07-07,13.614646911621094,3.8363897800445557,8.680299758911133
2021-07-08,13.40428352355957,3.762136936187744,8.678500175476074
2021-07-09,13.48001480102539,3.7868876457214355,8.681900024414062
2021-07-12,13.185506820678711,3.762136936187744,8.65429973602295
2021-07-13,13.21916389465332,3.762136936187744,8.632100105285645
2021-07-14,13.244407653808594,3.8198888301849365,8.619199752807617
2021-07-16,13.143433570861816,3.7868876457214355,8.560689926147461
2021-07-19,12.832098007202148,3.7043848037719727,8.532099723815918
2021-07-26,12.781611442565918,3.696134567260742,8.54757022857666
2021-07-27,12.832098007202148,3.729135513305664,8.554499626159668
2021-07-28,12.815269470214844,3.729135513305664,8.556099891662598
2021-07-29,13.050875663757324,3.8363897800445557,8.551259994506836
2021-07-30,13.276861190795898,3.8473823070526123,8.45226001739502
2021-08-02,13.121477127075195,3.822014808654785,8.43667984008789
2021-08-03,13.156005859375,3.85583758354187,8.349800109863281
2021-08-04,13.121477127075195,3.805103063583374,8.401200294494629
2021-08-05,13.164639472961426,3.822014808654785,8.475500106811523
2021-08-06,13.276861190795898,3.830470323562622,8.52560043334961
2021-08-09,13.250965118408203,3.796647548675537,8.627900123596191
2021-08-10,13.311392784118652,3.8473823070526123,8.6489896774292
2021-08-11,13.061047554016113,3.754368543624878,8.598799705505371
2021-08-12,13.458145141601562,3.89811635017395,8.625439643859863
2021-08-13,13.320024490356445,3.8812053203582764,8.561189651489258
2021-08-16,13.302759170532227,3.838926315307617,8.512200355529785
2021-08-17,13.570369720458984,3.9319400787353516,8.454700469970703
2021-08-18,13.58763313293457,3.9573068618774414,8.42667007446289
2021-08-19,13.54447078704834,3.9742188453674316,8.453519821166992
2021-08-20,13.803447723388672,4.008041858673096,8.530799865722656
2021-08-23,13.768917083740234,4.016497611999512,8.490799903869629
2021-08-24,14.088321685791016,4.067232608795166,8.42650032043457
2021-08-25,13.863875389099121,4.067232608795166,8.411800384521484
2021-08-26,13.820713996887207,4.07568883895874,8.373379707336426
2021-08-27,13.768917083740234,4.07568883895874,8.376409530639648
2021-08-31,14.148748397827148,4.219436168670654,8.367300033569336
2021-09-01,14.191912651062012,4.219436168670654,8.304499626159668
2021-09-02,14.131485939025879,4.2025251388549805,8.283780097961426
2021-09-03,13.950201034545898,4.134878635406494,8.279580116271973
2021-09-07,13.751651763916016,4.050321102142334,8.276780128479004
2021-09-08,13.760284423828125,3.9826745986938477,8.344799995422363
2021-09-09,14.053791046142578,4.033409118652344,8.472200393676758
2021-09-10,13.768917083740234,3.9573068618774414,8.440400123596191
2021-09-13,13.87250804901123,4.008041858673096,8.46660041809082
2021-09-14,13.673959732055664,3.9742188453674316,8.422100067138672
2021-09-15,13.414983749389648,3.9742188453674316,8.430669784545898
2021-09-16,13.414983749389648,3.89811635017395,8.425800323486328
2021-09-17,13.501309394836426,3.8727493286132812,8.529009819030762
2021-09-20,13.33729076385498,3.813559055328369,8.635199546813965
2021-09-21,13.276861190795898,3.788191795349121,8.668299674987793
2021-09-22,13.389084815979004,3.822014808654785,8.620400428771973
2021-09-23,13.311392784118652,3.779736042022705,8.656299591064453
2021-09-24,13.294126510620117,3.737456798553467,8.756429672241211
2021-09-27,13.225065231323242,3.7205452919006348,8.858619689941406
2021-09-28,13.112844467163086,3.7120895385742188,8.814200401306152
2021-09-29,13.173270225524902,3.6867220401763916,8.866900444030762
2021-09-30,13.233698844909668,3.6782662868499756,8.916139602661133
2021-10-01,13.026517868041992,3.6782662868499756,8.885000228881836
2021-10-04,12.957457542419434,3.6106202602386475,8.85260009765625
2021-10-05,12.836602210998535,3.6106202602386475,8.847100257873535
2021-10-06,12.819336891174316,3.5852530002593994,8.861960411071777
2021-10-07,13.104211807250977,3.6190757751464844,8.866040229797363
2021-10-08,13.00062084197998,3.6106202602386475,8.87090015411377
2021-10-11,13.061047554016113,3.568341016769409,8.955010414123535
2021-10-12,13.035150527954102,3.5852530002593994,8.99487018585205
2021-10-13,13.121477127075195,3.5852530002593994,9.037989616394043
2021-10-14,13.086946487426758,3.551429271697998,9.146920204162598
2021-10-15,13.207802772521973,3.551429271697998,9.190099716186523
2021-10-18,13.233698844909668,3.526062488555908,9.236949920654297
2021-10-19,13.328657150268555,3.5598855018615723,9.339099884033203
2021-10-20,13.406351089477539,3.5937087535858154,9.305399894714355
2021-10-21,13.699856758117676,3.534518003463745,9.214960098266602
2021-10-22,13.743019104003906,3.500694990158081,9.531149864196777
2021-10-25,13.648061752319336,3.5429739952087402,9.674400329589844
2021-10-26,13.579001426696777,3.526062488555908,9.586700439453125
2021-10-27,13.67796516418457,3.5598855018615723,9.529069900512695
2021-10-28,13.53631591796875,3.509150505065918,9.50570011138916
2021-11-01,13.810761451721191,3.5352087020874023,9.582900047302246
2021-11-02,13.801907539367676,3.587325096130371,9.539910316467285
2021-11-03,14.023234367370605,3.6133828163146973,9.600799560546875
2021-11-04,14.899685859680176,3.8044750690460205,9.639599800109863
2021-11-05,14.881979942321777,3.752359628677368,9.694029808044434
2021-11-08,14.935100555419922,3.769731044769287,9.687740325927734
2021-11-09,14.74918270111084,3.7784171104431152,9.683159828186035
2021-11-10,14.979364395141602,3.7871036529541016,9.72719955444336
2021-11-11,15.1741304397583,3.847904920578003,9.843099594116211
2021-11-12,15.280366897583008,3.7871036529541016,9.920900344848633
2021-11-15,15.572519302368164,3.8565914630889893,10.029609680175781
2021-11-16,15.333486557006836,3.7176148891448975,10.057499885559082
2021-11-17,15.616782188415527,3.674185037612915,10.34220027923584
2021-11-18,15.855815887451172,3.5525808334350586,10.730779647827148
2021-11-19,15.95319938659668,3.5352087020874023,11.03711986541748
2021-11-22,15.784990310668945,3.491778612136841,11.105500221252441
2021-11-23,15.776139259338379,3.18776798248291,11.406100273132324
2021-11-24,16.33388328552246,3.2920002937316895,12.818900108337402
2021-11-26,16.2630558013916,3.248570442199707,11.984299659729004
2021-11-29,16.36043930053711,3.1964540481567383,12.329099655151367
2021-11-30,16.732269287109375,3.1269657611846924,12.699000358581543
2021-12-01,17.263450622558594,3.1964540481567383,13.50160026550293
2021-12-02,17.47592544555664,3.18776798248291,13.44320011138916
2021-12-03,17.971694946289062,3.2138259410858154,13.717100143432617
2021-12-06,18.024812698364258,3.248570442199707,13.632049560546875
2021-12-07,18.219579696655273,3.265942335128784,13.783149719238281
2021-12-08,18.237287521362305,3.326744318008423,13.520500183105469
2021-12-09,17.953990936279297,3.179081916809082,13.682700157165527
2021-12-10,17.70610237121582,3.1443378925323486,13.773300170898438
2021-12-13,18.27269744873047,3.2311980724334717,13.854889869689941
2021-12-14,19.051769256591797,3.2398841381073,13.803290367126465
2021-12-15,19.582950592041016,3.1530239582061768,14.377799987792969
2021-12-16,20.627609252929688,3.100907802581787,14.81410026550293
2021-12-17,18.59140968322754,2.92718768119812,15.660750389099121
2021-12-20,18.76847267150879,3.0401058197021484,16.608980178833008
2021-12-21,16.891624450683594,3.092221975326538,13.475899696350098
2021-12-22,15.962053298950195,3.2138259410858154,12.270709991455078
2021-12-23,16.484384536743164,3.3875465393066406,12.032299995422363
2021-12-27,16.732269287109375,3.3788602352142334,10.807069778442383
2021-12-28,16.466676712036133,3.3441162109375,11.521050453186035
2021-12-29,17.35198211669922,3.326744318008423,11.803119659423828
2021-12-30,16.634885787963867,3.2051401138305664,12.640299797058105
2021-12-31,16.342731475830078,3.1182799339294434,13.290499687194824
2022-01-03,16.900474548339844,3.2311980724334717,13.356599807739258
2022-01-04,17.387392044067383,3.265942335128784,13.061699867248535
2022-01-05,17.84775161743164,3.1964540481567383,13.411499977111816
2022-01-06,17.44051170349121,3.161710262298584,13.687999725341797
2022-01-07,17.263450622558594,3.1269657611846924,13.782099723815918
2022-01-10,17.29886245727539,3.161710262298584,13.749349594116211
2022-01-11,17.272302627563477,3.161710262298584,13.809000015258789
2022-01-12,17.77692985534668,3.248570442199707,13.760499954223633
2022-01-13,17.49363136291504,3.179081916809082,13.243399620056152
2022-01-14,17.166067123413086,3.179081916809082,13.5826997756958
2022-01-18,16.493234634399414,3.074849843978882,13.450599670410156
2022-01-19,16.696855545043945,3.08353590965271,13.527700424194336
2022-01-20,16.245351791381836,3.0574777126312256,13.423600196838379
2022-01-21,16.201086044311523,2.9532456398010254,13.354999542236328
2022-01-24,15.643342018127441,2.935873508453369,13.434650421142578
2022-01-25,16.732269287109375,2.996675491333008,13.434760093688965
2022-01-26,16.41356086730957,2.9619317054748535,13.476900100708008
2022-01-27,17.121803283691406,2.996675491333008,13.577099800109863
2022-01-28,16.643735885620117,3.066164016723633,13.617600440979004
2022-01-31,16.546354293823242,3.100907802581787,13.482049942016602
2022-02-01,16.342731475830078,3.0314197540283203,13.29580020904541
2022-02-02,16.024023056030273,2.9532456398010254,13.350179672241211
2022-02-03,16.006317138671875,2.918501615524292,13.46560001373291
2022-02-04,15.95319938659668,2.9445598125457764,13.566200256347656
2022-02-07,16.325029373168945,2.9793038368225098,13.556659698486328
2022-02-08,15.988612174987793,2.9445598125457764,13.570369720458984
2022-02-09,16.024023056030273,2.9706175327301025,13.577210426330566
2022-02-10,16.47553062438965,2.996675491333008,13.539199829101562
2022-02-11,16.732269287109375,2.996675491333008,13.496100425720215
2022-02-14,16.369291305541992,2.92718768119812,13.505419731140137
2022-02-15,16.62603187561035,2.9445598125457764,13.590800285339355
2022-02-16,16.61717987060547,2.9445598125457764,13.60319995880127
2022-02-17,16.085994720458984,2.8663852214813232,13.59570026397705
2022-02-18,17.006711959838867,2.987989664077759,13.522600173950195
2022-02-22,18.361230850219727,3.100907802581787,13.67549991607666
2022-02-23,18.201875686645508,3.1356518268585205,13.762280464172363
2022-02-24,17.723812103271484,3.005361795425415,13.820500373840332
2022-02-25,17.591014862060547,3.066164016723633,14.053000450134277
2022-02-28,18.16646385192871,3.074849843978882,14.028840065002441
2022-03-01,17.84775161743164,3.0314197540283203,13.791000366210938
2022-03-02,18.733057022094727,3.161710262298584,13.835200309753418
2022-03-03,18.927825927734375,3.1443378925323486,13.982999801635742
2022-03-04,17.971694946289062,3.1182799339294434,14.113499641418457
2022-03-07,18.201875686645508,3.08353590965271,14.239629745483398
2022-03-08,18.007108688354492,3.0314197540283203,14.378999710083008
2022-03-09,18.378936767578125,3.161710262298584,14.491299629211426
2022-03-10,18.396642684936523,3.074849843978882,14.659099578857422
2022-03-11,19.158002853393555,3.100907802581787,14.838000297546387
2022-03-14,19.104887008666992,3.074849843978882,14.75
2022-03-15,18.67993927001953,3.1269657611846924,14.774860382080078
2022-03-16,18.910120010375977,3.2225122451782227,14.700799942016602
2022-03-17,19.38818359375,3.3006863594055176,14.557979583740234
2022-03-18,19.512128829956055,3.257256031036377,14.703310012817383
2022-03-21,19.441301345825195,3.274628162384033,14.806859970092773
2022-03-22,19.38818359375,3.265942335128784,14.82174015045166
2022-03-23,19.317359924316406,3.2225122451782227,14.818300247192383
2022-03-24,19.423595428466797,3.257256031036377,14.826700210571289
2022-03-25,19.52983283996582,3.248570442199707,14.836000442504883
2022-03-28,19.211124420166016,3.2398841381073,14.82759952545166
2022-03-29,19.494421005249023,3.3180580139160156,14.821399688720703
2022-03-30,19.86625099182129,3.3614883422851562,14.569250106811523
2022-03-31,19.95477867126465,3.3788602352142334,14.651009559631348
2022-04-01,19.653778076171875,3.3441162109375,14.666199684143066
2022-04-04,20.167251586914062,3.422290563583374,14.674039840698242
2022-04-05,19.91936683654785,3.352802276611328,14.691499710083008
2022-04-06,19.706893920898438,3.352802276611328,14.717900276184082
2022-04-07,19.582950592041016,3.335430145263672,14.699589729309082
2022-04-08,19.582950592041016,3.248570442199707,14.753700256347656
2022-04-11,20.0964298248291,3.2920002937316895,14.74020004272461
2022-04-12,19.760011672973633,3.265942335128784,14.664600372314453
2022-04-13,19.990190505981445,3.3788602352142334,14.581500053405762
2022-04-14,20.379728317260742,3.352802276611328,14.59060001373291
2022-04-18,20.4859619140625,3.3441162109375,14.621800422668457
2022-04-19,20.645315170288086,3.422290563583374,14.640899658203125
2022-04-20,20.840084075927734,3.422290563583374,14.652000427246094
2022-04-21,20.804672241210938,3.335430145263672,14.666799545288086
2022-04-22,20.149545669555664,3.2833142280578613,14.70398998260498
2022-04-25,20.379728317260742,3.3614883422851562,14.747099876403809
2022-04-26,20.574493408203125,3.3006863594055176,14.771900177001953
2022-04-27,20.379728317260742,3.326744318008423,14.799699783325195
2022-04-28,20.45054817199707,3.248570442199707,14.809800148010254
2022-04-29,19.158002853393555,3.0314197540283203,14.78888988494873
2022-05-05,18.85700035095215,3.066164016723633,14.739700317382812
2022-05-06,17.971694946289062,2.8750712871551514,14.865079879760742
2022-05-09,18.27269744873047,2.857699394226074,14.940130233764648
2022-05-10,18.609115600585938,2.8663852214813232,15.098400115966797
2022-05-11,17.98940086364746,2.8055832386016846,15.32544994354248
2022-05-12,17.573307037353516,2.7882113456726074,15.285400390625
2022-05-13,17.520191192626953,2.83164119720459,15.406800270080566
2022-05-16,17.316570281982422,2.7708394527435303,15.480199813842773
2022-05-17,17.08639144897461,2.7274091243743896,15.600299835205078
2022-05-18,16.94474220275879,2.605804920196533,15.911999702453613
2022-05-20,16.484384536743164,2.6144909858703613,15.902649879455566
2022-05-23,16.997861862182617,2.6492347717285156,15.929900169372559
2022-05-24,16.634885787963867,2.6231770515441895,15.933099746704102
2022-05-25,16.92703628540039,2.588432788848877,16.09749984741211
2022-05-26,17.431659698486328,2.6405489444732666,16.347999572753906
2022-05-27,16.820798873901367,2.605804920196533,16.360700607299805
2022-05-31,17.121803283691406,2.605804920196533,16.383499145507812
2022-06-01,17.166067123413086,2.5450026988983154,16.377729415893555
2022-06-02,17.166067123413086,2.597119092941284,16.443700790405273
2022-06-03,17.17491912841797,2.5363168716430664,16.48349952697754
2022-06-06,17.387392044067383,2.5450026988983154,16.508699417114258
2022-06-07,17.05097770690918,2.5450026988983154,16.594329833984375
2022-06-08,16.156822204589844,2.3799684047698975,16.837099075317383
2022-06-09,16.085994720458984,2.353910446166992,17.176990509033203
2022-06-10,15.873522758483887,2.319166421890259,17.239599227905273
2022-06-13,15.758431434631348,2.3017945289611816,17.23390007019043
2022-06-14,15.758431434631348,2.2757363319396973,17.269100189208984
2022-06-15,15.767285346984863,2.336538553237915,17.251279830932617
2022-06-16,15.430869102478027,2.2931084632873535,17.236400604248047
2022-06-17,15.820403099060059,2.25836443901062,17.296600341796875
2022-06-21,15.979757308959961,2.2931084632873535,17.31220054626465
2022-06-22,15.979757308959961,2.3104803562164307,17.34600067138672
2022-06-23,15.669903755187988,2.26705002784729,17.342599868774414
2022-06-24,15.758431434631348,2.345224380493164,17.34589958190918
2022-06-27,15.625636100769043,2.336538553237915,16.668899536132812
2022-06-28,15.386603355407715,2.2757363319396973,16.563800811767578
2022-06-29,14.766889572143555,2.240992307662964,16.624500274658203
2022-06-30,14.341944694519043,2.171504259109497,16.62820053100586
2022-07-01,14.678359031677246,2.2062480449676514,16.6919002532959
2022-07-05,15.014775276184082,2.2757363319396973,16.778430938720703
2022-07-06,15.563665390014648,2.2757363319396973,17.001399993896484
2022-07-07,15.581371307373047,2.2757363319396973,17.212499618530273
2022-07-08,15.413163185119629,2.249678134918213,17.258899688720703
2022-07-13,15.227249145507812,2.188875913619995,17.280500411987305
2022-07-14,14.952804565429688,2.171504259109497,17.41119956970215
2022-07-18,15.271513938903809,2.188875913619995,17.339599609375
2022-07-19,15.864668846130371,2.2323062419891357,17.461000442504883
2022-07-20,16.19223403930664,2.2062480449676514,17.541200637817383
2022-07-21,15.882376670837402,2.1454460620880127,17.594999313354492
2022-07-22,15.838109970092773,2.093330144882202,17.72047996520996
2022-07-25,15.740728378295898,2.084644079208374,17.757299423217773
2022-07-26,15.696557998657227,2.1413261890411377,17.829200744628906
2022-07-27,15.531908988952637,2.1413261890411377,17.871999740600586
2022-07-28,15.312376022338867,2.1143345832824707,17.867399215698242
2022-07-29,15.477025985717773,2.1503231525421143,17.945199966430664
2022-08-01,15.77888298034668,2.159320592880249,17.922500610351562
2022-08-02,15.577646255493164,2.1413261890411377,17.89349937438965
2022-08-03,15.733149528503418,2.1233315467834473,17.943099975585938
2022-08-04,15.82461929321289,2.1233315467834473,17.930700302124023
2022-08-05,15.952679634094238,2.132328748703003,17.941699981689453
2022-08-08,16.565540313720703,2.240294933319092,17.9237003326416
2022-08-09,16.2728328704834,2.1503231525421143,17.93779945373535
2022-08-10,16.49236488342285,2.2672863006591797,17.923999786376953
2022-08-11,16.58383560180664,2.294278144836426,17.870100021362305
2022-08-12,16.281978607177734,2.258289098739624,17.949100494384766
2022-08-15,15.77888298034668,2.2312979698181152,17.940000534057617
2022-08-16,15.605086326599121,2.2312979698181152,17.951860427856445
2022-08-17,15.96182918548584,2.240294933319092,17.90625
2022-08-18,16.49236488342285,2.3302664756774902,17.944000244140625
2022-08-19,17.11437225341797,2.3482608795166016,18.07670021057129
2022-08-22,18.202884674072266,2.366255283355713,18.087799072265625
2022-08-23,18.934659957885742,2.546198606491089,18.090999603271484
2022-08-24,19.04442596435547,2.6631617546081543,18.120899200439453
2022-08-25,20.03232192993164,2.67215895652771,18.148000717163086
2022-08-26,19.73961067199707,2.618175983428955,18.165800094604492
2022-08-29,20.196971893310547,2.6901535987854004,18.167509078979492
2022-08-31,19.757905960083008,2.67215895652771,18.15026092529297
2022-09-01,19.629844665527344,2.6271731853485107,18.189199447631836
2022-09-02,19.99573516845703,2.6361703872680664,18.20709991455078
2022-09-06,21.148279190063477,2.825111150741577,18.214149475097656
2022-09-07,22.72159194946289,3.0950262546539307,18.22620964050293
2022-09-08,22.227643966674805,3.0680346488952637,18.221200942993164
2022-09-09,21.97152328491211,2.987060070037842,18.23870086669922
2022-09-12,23.599721908569336,3.1670031547546387,18.221399307250977
2022-09-13,21.239748001098633,2.933077096939087,18.22249984741211
2022-09-14,22.35570526123047,3.086028814315796,18.246400833129883
2022-09-15,21.07509994506836,2.8700969219207764,18.22907066345215
2022-09-16,21.16657066345215,2.8700969219207764,18.27322006225586
2022-09-19,19.50178337097168,2.67215895652771,18.25429916381836
2022-09-20,20.581151962280273,2.7621307373046875,18.29290008544922
2022-09-21,20.288442611694336,2.699150562286377,18.310720443725586
2022-09-22,19.904258728027344,2.6811561584472656,18.315000534057617
2022-09-23,19.684728622436523,2.645167589187622,18.33799934387207
2022-09-26,19.55666732788086,2.6541647911071777,18.4325008392334
2022-09-27,19.39202117919922,2.618175983428955,18.449499130249023
2022-09-28,18.42241668701172,2.5012125968933105,18.442899703979492
2022-09-29,18.385828018188477,2.4742214679718018,18.523300170898438
2022-09-30,18.12970733642578,2.393246650695801,18.497499465942383
2022-10-03,19.885967254638672,2.67215895652771,18.516199111938477
2022-10-04,19.66643524169922,2.618175983428955,18.523700714111328
2022-10-05,19.66643524169922,2.600181818008423,18.569700241088867
2022-10-06,20.398208618164062,2.6811561584472656,18.54833984375
2022-10-07,20.782390594482422,2.7351391315460205,18.575300216674805
2022-10-10,21.36781120300293,2.825111150741577,18.577999114990234
2022-10-11,22.99600601196289,2.9150824546813965,18.583099365234375
2022-10-12,21.861757278442383,2.8700969219207764,18.5841007232666
2022-10-13,21.36781120300293,2.807116746902466,18.509899139404297
2022-10-14,21.44098663330078,2.807116746902466,18.552900314331055
2022-10-17,22.86794662475586,2.9690654277801514,18.58690071105957
2022-10-18,23.599721908569336,3.0140511989593506,18.54891014099121
2022-10-19,23.178951263427734,3.0140511989593506,18.57990074157715
2022-10-20,23.25212860107422,2.9960570335388184,18.59309959411621
2022-10-21,23.069185256958008,3.032045602798462,18.5856990814209
2022-10-24,23.837547302246094,3.0500402450561523,18.554330825805664
2022-10-25,23.08747673034668,3.0500402450561523,18.59079933166504
2022-10-26,22.611825942993164,2.978062868118286,18.606800079345703
2022-10-27,22.92283058166504,2.9960570335388184,18.59040069580078
2022-10-28,22.172760009765625,2.9690654277801514,18.60890007019043
2022-10-31,23.453365325927734,3.1220173835754395,18.572969436645508
2022-11-01,24.60590934753418,3.2299835681915283,18.616670608520508
2022-11-02,25.5206298828125,3.2479777336120605,18.604299545288086
2022-11-03,25.5206298828125,3.571875810623169,18.614999771118164
2022-11-04,25.776748657226562,3.418923854827881,18.60919952392578
2022-11-07,26.288990020751953,3.463909864425659,18.60007095336914
2022-11-08,26.892704010009766,3.5358872413635254,18.444000244140625
2022-11-09,29.289268493652344,3.778810501098633,18.54050064086914
2022-11-10,29.6551513671875,3.7878079414367676,18.585039138793945
2022-11-11,29.947866439819336,3.9137680530548096,18.482650756835938
2022-11-14,30.25887107849121,3.832793951034546,18.491619110107422
2022-11-15,29.216089248657227,3.670844793319702,18.591100692749023
2022-11-16,28.466022491455078,3.652850389480591,18.60770034790039
2022-11-17,28.520904541015625,3.652850389480591,18.603679656982422
2022-11-18,28.648963928222656,3.6168618202209473,18.599199295043945
2022-11-21,28.978261947631836,3.7068333625793457,18.610429763793945
2022-11-22,29.929569244384766,3.7878079414367676,18.60059928894043
2022-11-23,30.094219207763672,3.7878079414367676,18.61210060119629
2022-11-25,31.576061248779297,4.030731201171875,18.626800537109375
2022-11-28,32.106597900390625,3.97674822807312,18.59602928161621
2022-11-29,31.356529235839844,3.9677510261535645,18.618499755859375
2022-11-30,30.99064064025879,4.0487260818481445,18.63990020751953
2022-12-01,31.850473403930664,4.030731201171875,18.6299991607666
2022-12-02,30.22228240966797,3.8687827587127686,18.632600784301758
2022-12-05,30.60645866394043,3.9227657318115234,18.630699157714844
2022-12-06,30.954051971435547,3.9947426319122314,18.62459945678711
2022-12-07,29.874685287475586,3.7878079414367676,18.62660026550293
2022-12-08,29.197795867919922,3.6618475914001465,18.62697982788086
2022-12-09,29.618566513061523,3.823796272277832,18.638530731201172
2022-12-12,32.56395721435547,4.111706256866455,18.635610580444336
2022-12-13,32.143184661865234,4.012737274169922,18.617900848388672
2022-12-14,31.246761322021484,3.97674822807312,18.629499435424805
2022-12-15,32.966434478759766,4.174685955047607,18.607770919799805
2022-12-16,32.27124786376953,3.931762456893921,18.64459991455078
2022-12-19,32.454193115234375,4.1476945877075195,18.622900009155273
2022-12-20,32.47248458862305,3.985745429992676,18.645200729370117
2022-12-21,31.850473403930664,3.88677716255188,18.636680603027344
2022-12-22,32.106597900390625,3.88677716255188,18.654800415039062
2022-12-23,33.661617279052734,3.9947426319122314,18.66963005065918
2022-12-27,35.32640075683594,4.264657497406006,18.65679931640625
2022-12-28,33.84455871582031,4.084714412689209,18.656999588012695
2022-12-29,34.942222595214844,4.156691551208496,18.69367027282715
2022-12-30,34.649513244628906,4.3096442222595215,18.70298957824707
2023-01-03,38.36326599121094,4.642539024353027,18.74329948425293
2023-01-04,37.046077728271484,4.696521759033203,18.70686912536621
2023-01-05,35.820350646972656,4.165689468383789,18.735950469970703
2023-01-06,36.03988265991211,4.57056188583374,18.766599655151367
2023-01-09,33.6433219909668,4.228669166564941,18.768489837646484
2023-01-10,32.78348922729492,4.1476945877075195,18.758499145507812
2023-01-11,30.386926651000977,3.958754301071167,18.754459381103516
2023-01-12,31.210172653198242,3.9407596588134766,18.773399353027344
2023-01-13,30.935760498046875,3.9137680530548096,18.77869987487793
2023-01-17,34.04580307006836,4.228669166564941,18.779090881347656
2023-01-18,34.46657180786133,4.336635589599609,18.75263023376465
2023-01-19,34.13726806640625,4.4086127281188965,18.763029098510742
2023-01-20,35.80205535888672,4.633542060852051,18.792699813842773
2023-01-23,36.20453643798828,4.750504970550537,18.793350219726562
2023-01-24,37.064369201660156,4.777496337890625,18.719240188598633
2023-01-25,36.53382873535156,4.876465320587158,18.795230865478516
2023-01-26,35.85694122314453,4.651536464691162,18.804000854492188
2023-01-27,34.795867919921875,4.579558849334717,18.81049919128418
2023-01-30,34.7775764465332,4.597553253173828,18.798599243164062
2023-01-31,33.20425796508789,4.4625959396362305,18.808000564575195
2023-02-01,31.832181930541992,4.282652378082275,18.804000854492188
2023-02-02,31.850473403930664,4.273654460906982,18.807449340820312
2023-02-03,33.753089904785156,4.42660665512085,18.80525016784668
2023-02-06,33.936031341552734,4.417609691619873,18.825319290161133
2023-02-07,30.55158042907715,4.075717926025391,18.829099655151367
2023-02-08,28.356252670288086,4.066720008850098,18.831600189208984
2023-02-15,33.60673904418945,4.399615287780762,18.84394073486328
2023-02-16,32.2895393371582,4.264657497406006,18.85038948059082
2023-02-17,30.917463302612305,4.1476945877075195,18.854820251464844
2023-02-21,29.63686180114746,3.88677716255188,18.863500595092773
2023-02-22,30.386926651000977,4.02173376083374,18.862699508666992
2023-02-23,29.527090072631836,3.9227657318115234,18.875200271606445
2023-02-24,28.6855525970459,3.8147990703582764,18.86302947998047
2023-02-27,29.23438262939453,3.88677716255188,18.882020950317383
2023-02-28,29.197795867919922,3.7608160972595215,18.884199142456055
2023-03-01,29.124614715576172,3.6618475914001465,18.882400512695312
2023-03-02,29.124614715576172,3.679842233657837,18.883399963378906
2023-03-03,28.6855525970459,3.6618475914001465,18.885700225830078
2023-03-06,29.81980323791504,3.8417909145355225,18.88681983947754
2023-03-07,29.453916549682617,3.751819372177124,18.869890213012695
2023-03-08,30.935760498046875,3.88677716255188,18.918100357055664
2023-03-09,30.844289779663086,3.97674822807312,18.940799713134766
2023-03-10,32.16148376464844,4.2016777992248535,18.951900482177734
2023-03-13,31.191879272460938,4.057723522186279,18.961389541625977
2023-03-14,31.283353805541992,4.129700660705566,18.97100067138672
2023-03-15,29.472211837768555,3.88677716255188,18.974899291992188
2023-03-16,29.947866439819336,3.931762456893921,18.98699951171875
2023-03-17,29.17949867248535,3.904771327972412,19.00200080871582
2023-03-20,28.374547958374023,3.7158305644989014,19.00787925720215
2023-03-21,27.953779220581055,3.7068333625793457,19.00881004333496
2023-03-22,28.831907272338867,3.751819372177124,19.033199310302734
2023-03-23,29.43562126159668,3.832793951034546,19.043899536132812
2023-03-24,28.978261947631836,3.8417909145355225,19.057199478149414
2023-03-27,30.240571975708008,3.985745429992676,19.0802001953125
2023-03-28,28.301372528076172,3.7158305644989014,19.092580795288086
2023-03-29,29.23438262939453,3.8507883548736572,19.12070083618164
2023-03-30,29.17949867248535,3.832793951034546,19.14689064025879
2023-03-31,29.25267791748047,3.8687827587127686,19.17569923400879
2023-04-03,30.11250877380371,3.931762456893921,19.193479537963867
2023-04-04,31.64923858642578,4.030731201171875,19.20479965209961
2023-04-05,31.393115997314453,4.120703220367432,19.216999053955078
2023-04-06,31.612648010253906,4.093711853027344,19.250099182128906
2023-04-10,32.56395721435547,4.1476945877075195,19.245399475097656
2023-04-11,32.74689865112305,4.192680358886719,19.265300750732422
2023-04-12,33.0944938659668,4.192680358886719,19.291040420532227
2023-04-13,33.18596267700195,4.237666130065918,19.308759689331055
2023-04-14,33.57014846801758,4.3006463050842285,19.335100173950195
2023-04-17,34.009212493896484,4.345632553100586,19.378299713134766
2023-04-18,33.57014846801758,4.318641185760498,19.385299682617188
2023-04-19,33.99091720581055,4.273654460906982,19.399599075317383
2023-04-20,35.25322341918945,4.38162088394165,19.3981990814209
2023-04-24,34.41168975830078,4.210674285888672,19.405170440673828
2023-04-25,32.417598724365234,3.958754301071167,19.402700424194336
2023-04-26,31.978538513183594,3.9497568607330322,19.41783905029297
2023-04-27,31.868772506713867,4.030731201171875,19.423099517822266
2023-04-28,30.277158737182617,3.9227657318115234,19.43549919128418
2023-05-02,29.892976760864258,3.877779483795166,19.452049255371094
2023-05-03,29.673446655273438,3.823796272277832,19.473539352416992
2023-05-04,29.49050521850586,3.7968051433563232,19.474889755249023
2023-05-05,28.72214126586914,3.7428221702575684,19.487199783325195
2023-05-08,29.71003532409668,3.832793951034546,19.499000549316406
2023-05-09,29.618566513061523,3.778810501098633,19.50189971923828
2023-05-10,30.825992584228516,3.8417909145355225,19.520000457763672
2023-05-11,32.85666275024414,4.093711853027344,19.53969955444336
2023-05-12,31.55776596069336,3.832793951034546,19.565799713134766
2023-05-15,28.429431915283203,3.6168618202209473,19.628000259399414
2023-05-16,29.50879669189453,3.6348559856414795,19.67970085144043
2023-05-17,30.771108627319336,3.7068333625793457,19.731300354003906
2023-05-18,29.56368064880371,3.6348559856414795,19.764400482177734
2023-05-22,29.088027954101562,3.598867416381836,19.815900802612305
2023-05-23,28.63066864013672,3.6078648567199707,19.84454917907715
2023-05-24,28.301372528076172,3.5268900394439697,19.863929748535156
2023-05-25,28.283077239990234,3.5808730125427246,19.907100677490234
2023-05-26,29.947866439819336,3.7338249683380127,19.97439956665039
2023-05-30,31.832181930541992,3.7608160972595215,20.1270809173584
2023-05-31,30.643049240112305,3.724827527999878,20.611600875854492
2023-06-01,30.880874633789062,3.7338249683380127,20.786399841308594
2023-06-02,32.454193115234375,3.7608160972595215,20.890199661254883
2023-06-05,33.27743911743164,3.823796272277832,21.080299377441406
2023-06-06,33.003021240234375,3.8507883548736572,21.269500732421875
2023-06-07,33.698211669921875,3.625859260559082,21.93440055847168
2023-06-08,32.92984390258789,3.5808730125427246,23.295530319213867
2023-06-09,34.15556335449219,3.5628788471221924,23.498699188232422
2023-06-12,33.753089904785156,3.598867416381836,23.645999908447266
2023-06-13,33.149375915527344,3.5358872413635254,23.66010093688965
2023-06-14,32.03342056274414,3.4279210567474365,23.638500213623047
2023-06-15,32.71031188964844,3.499898672103882,23.568500518798828
2023-06-16,32.67372131347656,3.490901470184326,23.650800704956055
2023-06-20,31.3199405670166,3.337949752807617,23.601499557495117
2023-06-21,30.460105895996094,3.256974697113037,23.572099685668945
2023-06-22,31.64923858642578,3.2029919624328613,23.554800033569336
2023-06-23,32.47248458862305,3.256974697113037,24.885099411010742
2023-06-26,33.551849365234375,3.2479777336120605,25.317800521850586
2023-06-27,33.20425796508789,3.2209863662719727,25.960159301757812
2023-07-03,34.24703598022461,3.2299835681915283,25.422399520874023
2023-07-05,36.07646942138672,3.364941120147705,25.978099822998047
2023-07-06,36.99119186401367,3.3289525508880615,26.085599899291992
2023-07-07,36.552127838134766,3.3199551105499268,26.12980079650879
2023-07-10,36.68018341064453,3.3739380836486816,26.137800216674805
2023-07-11,38.16203308105469,3.472907066345215,26.037189483642578
2023-07-12,38.765743255615234,3.598867416381836,26.110000610351562
2023-07-13,38.930397033691406,3.670844793319702,26.199600219726562
2023-07-14,39.0218620300293,3.5898702144622803,26.057199478149414
2023-07-17,40.63176345825195,3.7068333625793457,26.25
2023-07-18,40.942771911621094,3.7068333625793457,26.382200241088867
2023-07-19,43.101505279541016,3.88677716255188,26.947799682617188
2023-07-20,42.60755920410156,3.8687827587127686,26.820499420166016
2023-07-21,42.99174118041992,3.805802345275879,26.850500106811523
2023-07-24,41.80260467529297,3.7878079414367676,26.95199966430664
2023-07-25,41.290367126464844,3.69783616065979,26.96940040588379
2023-07-26,42.278263092041016,3.832793951034546,26.923500061035156
2023-07-27,44.656524658203125,3.958754301071167,26.895700454711914
2023-07-28,47.74827194213867,4.390618324279785,26.9552001953125
2023-07-31,47.29091262817383,4.327638149261475,26.84040069580078
2023-08-01,46.1932487487793,4.228669166564941,26.925979614257812
2023-08-02,47.42811965942383,4.291649341583252,26.973499298095703
2023-08-03,46.33046340942383,4.165689468383789,26.962299346923828
2023-08-04,47.61106491088867,4.129700660705566,26.963289260864258
2023-08-07,48.662994384765625,4.354629993438721,26.994300842285156
2023-08-08,49.1203498840332,4.4086127281188965,27.005399703979492
2023-08-09,49.44049835205078,4.471592426300049,26.925180435180664
2023-08-10,46.879295349121094,4.336635589599609,26.94700050354004
2023-08-11,48.800193786621094,4.399615287780762,27.05120086669922
2023-08-14,49.57770538330078,4.42660665512085,27.112199783325195
2023-08-15,50.583900451660156,4.480589866638184,27.055400848388672
2023-08-16,49.44049835205078,4.4535980224609375,27.047889709472656
2023-08-17,49.074615478515625,4.516578197479248,27.073659896850586
2023-08-18,47.29091262817383,4.273654460906982,27.125
2023-08-21,52.001712799072266,4.633542060852051,27.138399124145508
2023-08-22,53.73966979980469,4.732510566711426,27.20549964904785
2023-08-23,52.50481033325195,4.795490741729736,27.20490074157715
2023-08-24,51.22420120239258,4.813485145568848,27.19339942932129
2023-08-25,53.05363464355469,4.858471393585205,25.905399322509766
2023-08-28,53.78540802001953,4.930448532104492,26.353700637817383
2023-08-29,53.55672836303711,4.849473476409912,26.309499740600586
2023-08-31,51.041259765625,4.732510566711426,26.681299209594727
2023-09-01,52.13892364501953,4.687524795532227,26.68790054321289
2023-09-05,53.831146240234375,4.795490741729736,26.77120018005371
2023-09-06,52.55054473876953,4.777496337890625,26.78059959411621
2023-09-07,53.96835708618164,4.867468357086182,26.816499710083008
2023-09-08,53.9226188659668,4.858471393585205,26.85810089111328
2023-09-11,54.01409149169922,4.912454128265381,26.665090560913086
2023-09-12,55.386165618896484,4.97543478012085,26.866870880126953
2023-09-13,54.105560302734375,4.849473476409912,26.919200897216797
2023-09-14,55.066017150878906,4.867468357086182,26.885499954223633
2023-09-15,51.727294921875,4.633542060852051,26.944400787353516
2023-09-18,49.44049835205078,4.597553253173828,26.786020278930664
2023-09-19,49.3947639465332,4.498584270477295,26.987499237060547
2023-09-20,48.8459358215332,4.4535980224609375,27.018299102783203
2023-09-21,50.67537307739258,4.471592426300049,27.02280044555664
2023-09-22,49.80638885498047,4.363626480102539,27.104780197143555
2023-09-25,50.492431640625,4.444601058959961,27.178089141845703
2023-09-26,48.48004913330078,4.327638149261475,27.207380294799805
2023-09-27,48.388580322265625,4.273654460906982,27.34280014038086
2023-09-28,47.29091262817383,4.264657497406006,27.332799911499023
2023-09-29,48.75446319580078,4.255660533905029,27.458900451660156
2023-10-02,49.53197479248047,4.318641185760498,27.48110008239746
2023-10-03,51.22420120239258,4.399615287780762,27.461999893188477
2023-10-04,49.57770538330078,4.372624397277832,27.527599334716797
2023-10-05,50.81258010864258,4.498584270477295,27.55459976196289
2023-10-06,50.53816604614258,4.444601058959961,27.582599639892578
2023-10-09,48.57151794433594,4.219672203063965,27.71269989013672
2023-10-10,49.349029541015625,4.282652378082275,27.71969985961914
2023-10-11,50.583900451660156,4.345632553100586,27.727500915527344
2023-10-12,49.53197479248047,4.264657497406006,27.718799591064453
2023-10-13,48.48004913330078,4.192680358886719,27.842300415039062
2023-10-16,47.06223678588867,4.174685955047607,27.706300735473633
2023-10-17,48.06842041015625,4.120703220367432,27.87019920349121
2023-10-18,45.73589324951172,4.03972864151001,27.96139907836914
2023-10-19,45.04071044921875,3.931762456893921,28.019559860229492
2023-10-20,44.802879333496094,3.9227657318115234,28.02429962158203
2023-10-23,45.552947998046875,3.9407596588134766,28.04990005493164
2023-10-24,46.51340866088867,4.066720008850098,28.081710815429688
2023-10-25,44.34552001953125,3.823796272277832,28.122499465942383
2023-10-26,45.7816276550293,3.8507883548736572,28.1481990814209
2023-10-27,46.60487747192383,3.8957738876342773,28.16670036315918
2023-10-30,45.6444206237793,3.859785556793213,28.202829360961914
2023-10-31,43.906455993652344,3.7068333625793457,28.257369995117188
2023-11-01,45.05900192260742,3.823796272277832,28.302400588989258
2023-11-02,45.73589324951172,3.8417909145355225,28.32309913635254
2023-11-03,45.71760177612305,3.8687827587127686,28.35890007019043
2023-11-06,46.970760345458984,3.931762456893921,28.383150100708008
2023-11-07,48.57151794433594,3.9227657318115234,28.447599411010742
2023-11-08,50.629638671875,4.156691551208496,28.49519920349121
2023-11-09,50.81258010864258,4.174685955047607,28.517309188842773
2023-11-10,50.30948257446289,4.219672203063965,28.525800704956055
2023-11-13,49.30329513549805,4.138697624206543,28.513660430908203
2023-11-14,50.858314514160156,4.210674285888672,28.60610008239746
2023-11-15,49.6691780090332,4.291649341583252,28.641199111938477
2023-11-16,50.218013763427734,4.156691551208496,28.679689407348633
2023-11-17,51.81876754760742,4.264657497406006,28.701900482177734
2023-11-20,52.45907211303711,4.489586353302002,28.647829055786133
2023-11-21,52.596275329589844,4.4086127281188965,28.777830123901367
2023-11-22,52.596275329589844,4.42660665512085,28.79397964477539
2023-11-24,53.099369049072266,4.50758171081543,28.840700149536133
2023-11-27,53.6482048034668,4.516578197479248,28.842559814453125
2023-11-28,53.831146240234375,4.471592426300049,28.909400939941406
2023-11-29,52.36759948730469,4.399615287780762,28.91860008239746
2023-11-30,52.91642761230469,4.480589866638184,28.940919876098633
2023-12-01,53.51099395751953,4.597553253173828,28.88640022277832
2023-12-04,52.687747955322266,4.480589866638184,28.89620018005371
2023-12-05,52.96216583251953,4.50758171081543,28.917800903320312
2023-12-06,52.77922058105469,4.417609691619873,28.91469955444336
2023-12-07,53.05363464355469,4.534572601318359,28.914899826049805
2023-12-08,53.51099395751953,4.498584270477295,28.91069984436035
2023-12-11,53.05363464355469,4.42660665512085,28.876100540161133
2023-12-12,50.94978713989258,4.291649341583252,28.96109962463379
2023-12-13,47.74827194213867,4.093711853027344,29.027099609375
2023-12-14,51.13273239135742,4.2016777992248535,28.99180030822754
2023-12-15,51.77302932739258,4.3006463050842285,28.976600646972656
2023-12-18,50.12653732299805,4.336635589599609,28.84041976928711
2023-12-19,49.85212326049805,4.291649341583252,29.0386905670166
2023-12-20,50.20384979248047,4.3880391120910645,29.088720321655273
2023-12-21,52.16166687011719,4.507379055023193,29.125499725341797
2023-12-22,51.32260513305664,4.443119525909424,29.10354995727539
2023-12-26,49.504634857177734,4.31459903717041,29.311399459838867
2023-12-27,50.06401062011719,4.305419445037842,29.30590057373047
2023-12-28,52.39473342895508,4.415579319000244,29.38789939880371
2023-12-29,52.30150604248047,4.415579319000244,29.519800186157227
2024-01-02,54.632232666015625,4.452299118041992,29.428199768066406
2024-01-03,53.793174743652344,4.406399726867676,29.74485969543457
2024-01-04,55.005149841308594,4.51655912399292,29.77907943725586
2024-01-05,57.102806091308594,4.709339618682861,29.840900421142578
2024-01-08,57.8952522277832,4.727699279785156,29.78428077697754
2024-01-09,58.268165588378906,4.8011393547058105,29.91390037536621
2024-01-10,57.33587646484375,4.755239009857178,29.96179962158203
2024-01-11,56.72988510131836,4.6634392738342285,29.85420036315918
2024-01-12,56.86973571777344,4.736879348754883,30.06089973449707
2024-01-16,59.89967727661133,4.8562188148498535,30.07284927368164
2024-01-17,60.59889221191406,4.847039222717285,30.118099212646484
2024-01-18,60.08613204956055,4.8562188148498535,30.137819290161133
2024-01-19,59.99290466308594,4.782779216766357,30.153600692749023
2024-01-22,60.225975036621094,4.782779216766357,30.191360473632812
2024-01-23,61.15827178955078,4.828679084777832,30.2587890625
2024-01-24,61.531185150146484,4.911299228668213,30.279499053955078
2024-01-25,62.4168586730957,4.911299228668213,30.24799919128418
2024-01-26,64.32805633544922,5.159158706665039,30.297300338745117
2024-01-29,64.60774993896484,5.140799045562744,30.324670791625977
2024-01-30,64.65435791015625,5.149979114532471,30.34501075744629
2024-01-31,63.90852737426758,5.085719108581543,30.358400344848633
2024-02-01,64.8408203125,5.177518844604492,30.359800338745117
2024-02-02,65.44680786132812,5.122438907623291,30.44300079345703
2024-02-05,65.30696105957031,5.159158706665039,30.300920486450195
2024-02-06,64.65435791015625,5.122438907623291,30.536800384521484
2024-02-07,63.488990783691406,5.021459102630615,30.541120529174805
2024-02-08,64.00175476074219,5.021459102630615,30.59149932861328
2024-02-09,63.72206497192383,5.0581793785095215,30.668399810791016
2024-02-12,66.09941101074219,5.195878982543945,30.64838981628418
2024-02-13,63.67546081542969,4.9204792976379395,30.712900161743164
2024-02-14,62.92961883544922,4.938839435577393,30.722900390625
2024-02-15,64.1416015625,5.003098964691162,30.750099182128906
2024-02-16,63.53561019897461,4.9204792976379395,30.815000534057617
2024-02-20,62.78977966308594,4.874578952789307,30.867900848388672
2024-02-21,61.29811096191406,4.8562188148498535,30.904909133911133
2024-02-22,61.90410232543945,4.847039222717285,31.01650047302246
2024-02-23,63.72206497192383,4.9204792976379395,31.07349967956543
2024-02-26,62.92961883544922,4.957199573516846,31.093120574951172
2024-02-27,61.065040588378906,4.911299228668213,31.115520477294922
2024-02-28,60.925193786621094,4.828679084777832,31.14579963684082
2024-02-29,62.4168586730957,4.948019027709961,31.208839416503906
2024-03-01,61.810874938964844,4.948019027709961,31.279409408569336
2024-03-04,59.619991302490234,4.654259204864502,31.390369415283203
2024-03-05,59.29368591308594,4.690979480743408,31.571300506591797
2024-03-06,58.1749382019043,4.5808186531066895,31.688119888305664
2024-03-07,59.946292877197266,4.654259204864502,31.79730987548828
2024-03-08,61.065040588378906,4.690979480743408,31.93320083618164
2024-03-11,57.8952522277832,4.51655912399292,31.996360778808594
2024-03-12,57.33587646484375,4.479839324951172,32.03739929199219
2024-03-13,57.802024841308594,4.443119525909424,32.093780517578125
2024-03-14,57.708797454833984,4.433939456939697,32.1185302734375
2024-03-15,59.29368591308594,4.452299118041992,32.19306945800781
2024-03-18,59.57337951660156,4.5257391929626465,32.28765106201172
2024-03-19,60.6455078125,4.5624589920043945,32.33330154418945
2024-03-20,59.946292877197266,4.5808186531066895,32.373348236083984
2024-03-21,64.37467193603516,4.847039222717285,32.41749954223633
2024-03-22,64.93405151367188,4.883759021759033,32.15650177001953
2024-03-25,64.60774993896484,4.8562188148498535,32.08531188964844
2024-03-26,61.76426315307617,4.672619342803955,32.16780090332031
2024-03-27,62.230403900146484,4.645079135894775,32.208499908447266
2024-03-28,63.76869201660156,4.764419078826904,32.29970169067383
2024-04-01,62.69655227661133,4.71851921081543,32.42340087890625
2024-04-02,62.46347427368164,4.736879348754883,32.26240158081055
2024-04-03,63.86191940307617,4.865399360656738,32.052101135253906
2024-04-04,66.2858657836914,4.984739303588867,31.94529914855957
2024-04-05,68.98951721191406,5.223419189453125,31.944990158081055
2024-04-08,69.87518310546875,5.278499126434326,32.007598876953125
2024-04-15,68.29029083251953,5.030639171600342,32.39690017700195
2024-04-16,68.29029083251953,5.048999309539795,32.40700912475586
2024-04-17,69.82857513427734,5.140799045562744,32.51139831542969
2024-04-18,70.24810028076172,5.177518844604492,32.47119903564453
2024-04-19,71.36685943603516,5.2693190574646,32.56330108642578
2024-04-22,72.15930938720703,5.361119270324707,32.60334014892578
2024-04-24,72.99836730957031,5.452919006347656,32.510520935058594
2024-04-25,73.18482208251953,5.462099075317383,32.56671905517578
2024-04-26,73.74419403076172,5.4896392822265625,32.535301208496094
2024-04-29,74.76970672607422,5.544719219207764,32.53120040893555
2024-04-30,75.32909393310547,5.599798679351807,32.36991882324219
2024-05-02,75.46892547607422,5.709959030151367,32.27299880981445
2024-05-03,76.54106903076172,5.774219036102295,32.40330123901367
2024-05-06,76.68090057373047,5.847659111022949,32.302398681640625
2024-05-07,79.01163482666016,5.930278778076172,32.28260040283203
2024-05-08,78.31241607666016,5.856839179992676,32.25619888305664
2024-05-09,78.12596130371094,5.829298973083496,32.3484992980957
2024-05-10,78.31241607666016,5.847659111022949,32.28310012817383
2024-05-13,77.70643615722656,5.820119380950928,32.18122863769531
2024-05-14,77.47335052490234,5.810938835144043,32.25170135498047
2024-05-15,77.19367218017578,5.755859375,32.28120040893555
2024-05-16,79.01163482666016,5.985359191894531,32.160499572753906
2024-05-17,81.48220825195312,6.132238864898682,32.262901306152344
2024-05-20,81.2025146484375,6.095519065856934,32.232601165771484
2024-05-21,84.46553802490234,6.425998687744141,32.212100982666016
2024-05-22,85.86396789550781,6.481078624725342,32.19089889526367
2024-05-23,86.42333984375,6.5086188316345215,32.15095138549805
2024-05-24,85.58428192138672,6.462718486785889,32.22200012207031
2024-05-28,84.60537719726562,6.325018882751465,32.108001708984375
2024-05-29,85.39781951904297,6.3709187507629395,32.24089813232422
2024-05-30,89.26683807373047,6.646318435668945,32.260101318359375
2024-05-31,92.85615539550781,7.0410590171813965,32.24380111694336
2024-06-03,95.65302276611328,7.215478897094727,32.235801696777344
2024-06-04,92.9959945678711,7.096138954162598,32.1786003112793
2024-06-05,93.97489929199219,7.132858753204346,32.6338005065918
2024-06-06,92.25016021728516,6.967618942260742,32.27439880371094
2024-06-07,90.99156951904297,6.82991886138916,32.28879928588867
2024-06-10,92.2967758178711,6.921718597412109,32.40610122680664
2024-06-11,89.12698364257812,6.692218780517578,32.3828010559082
2024-06-12,91.31786346435547,6.82991886138916,32.364898681640625
2024-06-13,90.52542877197266,6.756478786468506,32.32870101928711
2024-06-14,91.92385864257812,6.857458591461182,32.4901008605957
2024-06-20,96.30563354492188,6.921718597412109,32.513301849365234
2024-06-21,94.1613540649414,6.921718597412109,32.829498291015625
2024-06-24,93.22907257080078,6.884998798370361,32.82630157470703
2024-06-25,93.41552734375,6.774838924407959,32.92097091674805
2024-06-26,91.41110229492188,6.673858642578125,32.94459915161133
2024-06-27,92.62307739257812,6.811559200286865,32.8385009765625
2024-06-28,93.78843688964844,6.958438873291016,32.88779830932617
2024-07-01,92.57646942138672,6.839098930358887,32.77050018310547
2024-07-02,95.0936508178711,7.013518333435059,32.64820098876953
2024-07-03,97.61083221435547,7.215478897094727,32.54359817504883
2024-07-05,98.82281494140625,7.307278633117676,32.63800048828125
2024-07-08,101.33999633789062,7.4449782371521,32.674598693847656
2024-07-09,101.99259948730469,7.417438507080078,32.71730041503906
2024-07-10,101.61968231201172,7.463338851928711,32.90380096435547
2024-07-11,103.67072296142578,7.5275983810424805,32.879798889160156
2024-07-12,103.5774917602539,7.509239196777344,32.94902038574219
2024-07-16,101.61968231201172,7.426619052886963,33.01750183105469
2024-07-17,101.99259948730469,7.417438507080078,33.04050064086914
2024-07-18,102.64521026611328,7.4725189208984375,33.07957077026367
2024-07-19,102.92489624023438,7.426619052886963,33.088138580322266
2024-07-22,107.0269775390625,7.518417835235596,32.997840881347656
2024-07-23,103.76395416259766,7.38071870803833,32.92620086669922
2024-07-24,100.12802124023438,7.252198696136475,32.84090042114258
2024-07-25,100.68739318847656,7.187938690185547,32.856300354003906
2024-07-26,99.10250854492188,7.288918495178223,33.11650085449219
2024-07-29,98.44989776611328,7.187938690185547,33.02399826049805
2024-07-30,98.26344299316406,7.169578552246094,33.05550003051758
2024-07-31,98.44989776611328,7.187938690185547,33.0984992980957
2024-08-01,100.22124481201172,7.261378288269043,33.17599868774414
2024-08-02,95.55979919433594,6.894178867340088,33.1593017578125
2024-08-05,93.41552734375,6.765658378601074,33.24509811401367
2024-08-06,95.74625396728516,6.884998798370361,33.39419937133789
2024-08-07,98.72958374023438,7.151218891143799,33.61920166015625
2024-08-08,98.82281494140625,7.160398960113525,33.5123291015625
2024-08-09,95.83948516845703,7.031878471374512,33.532649993896484
2024-08-12,96.67854309082031,6.921718597412109,33.523101806640625
2024-08-13,96.30563354492188,6.912539005279541,33.453819274902344
2024-08-14,96.4920883178711,6.949258804321289,33.509498596191406
2024-08-15,97.89051818847656,6.9767985343933105,33.5921516418457
2024-08-16,96.4920883178711,6.921718597412109,33.638179779052734
2024-08-19,99.10250854492188,6.958438873291016,33.6880989074707
2024-08-20,94.34781646728516,6.692218780517578,33.7588005065918
2024-08-21,91.55094909667969,6.572878837585449,33.8985595703125
2024-08-22,88.56761169433594,6.416818618774414,33.92499923706055
2024-08-23,87.63533020019531,6.343379020690918,33.95750045776367
2024-08-26,84.83845520019531,6.132238864898682,34.02239990234375
2024-08-27,89.96604919433594,6.425998687744141,34.025299072265625
2024-08-28,90.47881317138672,6.462718486785889,34.01723098754883
2024-08-29,91.69078826904297,6.517798900604248,34.139400482177734
2024-09-03,92.76292419433594,6.582058906555176,33.91339874267578
2024-09-04,93.32229614257812,6.637138843536377,33.99760055541992
2024-09-05,92.25016021728516,6.563699245452881,34.03670120239258
2024-09-06,91.36449432373047,6.425998687744141,33.98500061035156
2024-09-09,89.36006164550781,6.425998687744141,33.99654006958008
2024-09-10,90.5720443725586,6.444358825683594,34.095699310302734
2024-09-11,91.55094909667969,6.545339107513428,34.04439926147461
2024-09-12,91.17803955078125,6.462718486785889,33.99919891357422
2024-09-13,88.1947021484375,6.3158392906188965,33.97460174560547
2024-09-16,85.02490997314453,6.196498870849609,33.95515823364258
2024-09-17,85.63090515136719,6.16895866394043,33.979469299316406
2024-09-18,85.44445037841797,6.233218669891357,34.06909942626953
2024-09-19,87.44886779785156,6.3709187507629395,34.07080078125
2024-09-20,87.26240539550781,6.380098819732666,34.08000183105469
2024-09-23,88.33454132080078,6.462718486785889,34.05575180053711
2024-09-24,90.7118911743164,6.572878837585449,34.14970016479492
2024-09-25,89.40667724609375,6.481078624725342,34.112300872802734
2024-09-26,89.26683807373047,6.499438762664795,34.160709381103516
2024-09-27,89.82621002197266,6.462718486785889,34.17539978027344
2024-09-30,88.75406646728516,6.3158392906188965,34.1490592956543
2024-10-01,85.53767395019531,6.141418933868408,34.20399856567383
2024-10-02,83.81293487548828,6.16895866394043,34.18619918823242
2024-10-03,81.06267547607422,5.875198841094971,34.23059844970703
2024-10-04,78.63871765136719,5.810938835144043,34.22679901123047
2024-10-07,76.77413177490234,5.61815881729126,34.22624969482422
2024-10-08,76.77413177490234,5.654878616333008,34.24570846557617
2024-10-09,81.15591430664062,5.847659111022949,34.26350021362305
2024-10-10,80.41007232666016,5.792579174041748,34.25619888305664
2024-10-11,78.40564727783203,5.700778961181641,34.25233840942383
2024-10-14,78.54549407958984,5.719139099121094,34.27619934082031
2024-10-15,80.54991149902344,5.801759243011475,34.25215148925781
2024-10-16,82.04158020019531,5.801759243011475,34.19478988647461
2024-10-17,81.34236145019531,5.829298973083496,34.16460037231445
2024-10-18,79.33793640136719,5.792579174041748,34.19219970703125
2024-10-21,79.71085357666016,5.810938835144043,34.276100158691406
2024-10-22,81.76189422607422,5.810938835144043,34.24570083618164
2024-10-23,81.10929107666016,5.765039443969727,34.25310134887695
2024-10-24,81.10929107666016,5.746679306030273,34.26839828491211
2024-10-25,81.80850982666016,5.746679306030273,34.28770065307617
2024-10-28,81.76189422607422,5.829298973083496,34.28334045410156
2024-10-30,81.8551254272461,5.856839179992676,34.27479934692383
2024-10-31,79.01163482666016,5.636518955230713,34.283199310302734
2024-11-01,80.03714752197266,5.719139099121094,34.29376983642578
2024-11-04,78.91841125488281,5.581439018249512,34.32815170288086
2024-11-05,77.89289855957031,5.581439018249512,34.34980010986328
2024-11-06,79.33793640136719,5.627338886260986,34.307498931884766
2024-11-07,82.973876953125,5.866018772125244,34.20090103149414
2024-11-08,85.21137237548828,6.058798789978027,34.340030670166016
2024-11-11,89.22021484375,6.224039077758789,34.35115051269531
2024-11-12,89.45328521728516,6.260759353637695,34.32659912109375
2024-11-13,88.33454132080078,6.196498870849609,34.37080001831055
2024-11-14,89.49990844726562,6.214858531951904,34.34519958496094
2024-11-15,88.1947021484375,6.187318801879883,34.29668045043945
2024-11-18,86.00382232666016,6.132238864898682,34.34925842285156
2024-11-19,86.19026947021484,6.095519065856934,34.571998596191406
2024-11-20,87.63533020019531,6.224039077758789,34.499298095703125
2024-11-21,89.49990844726562,6.269938945770264,34.4692497253418
2024-11-22,86.84288024902344,6.187318801879883,34.527099609375
2024-11-25,87.0759506225586,6.1138787269592285,34.420040130615234
2024-11-26,86.74964904785156,6.123058795928955,34.597530364990234
2024-11-27,86.74964904785156,6.067979335784912,34.65359878540039
2024-11-29,84.4189224243164,6.086338996887207,34.64836883544922
2024-12-02,85.63090515136719,6.049619197845459,34.693389892578125
2024-12-03,87.54209899902344,6.123058795928955,34.74789810180664
2024-12-04,87.77516174316406,6.150598526000977,34.74760055541992
2024-12-05,88.59544372558594,6.178138732910156,34.73649978637695
2024-12-06,90.66250610351562,6.566232204437256,34.76679992675781
2024-12-09,90.18179321289062,6.487829685211182,34.77888107299805
2024-12-10,90.2298583984375,6.527030944824219,34.81956100463867
2024-12-11,89.22036743164062,6.487829685211182,34.84510040283203
2024-12-12,89.89336395263672,6.4976301193237305,34.86470031738281
2024-12-13,92.29692840576172,6.595633506774902,34.94660186767578
2024-12-16,92.34500885009766,6.595633506774902,34.95014953613281
2024-12-17,92.10464477539062,6.576033115386963,34.956600189208984
2024-12-18,93.49871063232422,6.527030944824219,35.009300231933594
2024-12-19,89.98950958251953,6.3016228675842285,35.04899978637695
2024-12-20,87.92243957519531,6.380026340484619,35.1396484375
2024-12-23,87.20137023925781,6.282022476196289,35.13113021850586
2024-12-24,88.49929809570312,6.331024169921875,35.23160171508789
2024-12-26,89.60493469238281,6.429027557373047,35.11949157714844
2024-12-27,90.42214965820312,6.4976301193237305,35.23429870605469
2024-12-30,89.5568618774414,6.438827991485596,35.1602897644043
2024-12-31,89.22036743164062,6.380026340484619,35.30524826049805
2025-01-02,92.34500885009766,6.546631813049316,35.374000549316406
2025-01-03,94.70049285888672,6.693636894226074,35.3922004699707
2025-01-06,94.17170715332031,6.556432247161865,35.28929901123047
2025-01-07,93.73907470703125,6.605433940887451,35.34479904174805
2025-01-08,93.11414337158203,6.6348347663879395,35.32183074951172
2025-01-10,91.96043395996094,6.615234375,35.38059997558594
2025-01-13,90.9990005493164,6.6446356773376465,35.39105987548828
2025-01-14,91.52778625488281,6.6348347663879395,35.48419952392578
2025-01-15,92.2007827758789,6.664236068725586,35.469398498535156
2025-01-16,94.65242004394531,6.791640281677246,35.472900390625
2025-01-17,96.43106079101562,6.899444103240967,35.54610061645508
2025-01-21,98.06549072265625,6.909245014190674,35.580101013183594
2025-01-22,100.94976043701172,7.252256870269775,35.6348991394043
2025-01-23,102.10347747802734,7.252256870269775,35.64469909667969
2025-01-24,102.29576873779297,7.320858955383301,35.67430114746094
2025-01-27,102.00733947753906,7.330659866333008,35.59360122680664
2025-01-28,104.69932556152344,7.360060691833496,35.75226974487305
2025-01-29,103.83404541015625,7.330659866333008,35.702980041503906
2025-01-30,103.25719451904297,7.242456436157227,35.79267120361328
2025-01-31,103.93018341064453,7.242456436157227,35.853031158447266
2025-02-03,101.52662658691406,7.115052223205566,35.87181854248047
2025-02-04,103.35333251953125,7.271857738494873,35.9734001159668
2025-02-05,101.81505584716797,7.134653091430664,35.96950149536133
2025-02-06,102.96875762939453,7.213055610656738,35.910301208496094
2025-02-07,101.91119384765625,7.2032551765441895,35.95558166503906
2025-02-10,102.87261962890625,7.232656478881836,35.89970016479492
2025-02-11,104.31475830078125,7.31105899810791,35.99263000488281
2025-02-12,103.73789978027344,7.281657695770264,35.99468994140625
2025-02-13,103.25719451904297,7.340459823608398,36.11600112915039
2025-02-14,102.19962310791016,7.222855567932129,36.1963005065918
2025-02-18,100.94976043701172,7.164053440093994,36.233280181884766
2025-02-19,100.85362243652344,7.164053440093994,36.29280090332031
2025-02-20,102.68033599853516,7.213055610656738,36.30720138549805
2025-02-21,101.43048095703125,6.958246231079102,36.3856315612793
2025-02-24,99.69990539550781,7.0954508781433105,36.446998596191406
2025-02-25,100.18061828613281,7.0954508781433105,36.454341888427734
2025-02-26,101.23818969726562,7.1542534828186035,36.461299896240234
2025-02-27,103.54561614990234,7.232656478881836,36.45940017700195
2025-02-28,96.81562805175781,6.6446356773376465,36.517799377441406
2025-03-03,96.62334442138672,6.772039890289307,36.50695037841797
2025-03-04,97.58477783203125,6.791640281677246,36.43709945678711
2025-03-05,100.37290954589844,7.115052223205566,36.432498931884766
2025-03-06,103.25719451904297,7.183654308319092,36.4114990234375
2025-03-07,101.91119384765625,7.242456436157227,36.487701416015625
2025-03-10,100.66133117675781,7.056249618530273,36.48583984375
2025-03-11,99.41148376464844,7.007248401641846,36.571380615234375
2025-03-12,101.91119384765625,7.183654308319092,36.59619903564453
2025-03-13,103.35333251953125,7.222855567932129,36.59230041503906
2025-03-14,105.18003845214844,7.301258563995361,36.67959976196289
2025-03-17,105.18003845214844,7.42866325378418,36.6391716003418
2025-03-18,104.98774719238281,7.399262428283691,36.63199996948242
2025-03-19,94.50821685791016,6.370225429534912,36.69559860229492
2025-03-20,93.35449981689453,6.291822910308838,37.99319839477539
2025-03-21,84.0286636352539,5.713602066040039,37.94593811035156
2025-03-24,86.143798828125,5.772404193878174,37.976688385009766
2025-03-25,91.14321899414062,6.086015701293945,37.848541259765625
2025-03-26,90.27793884277344,6.095815658569336,37.98720169067383
2025-03-27,89.60493469238281,5.958611011505127,38.022098541259766
2025-03-28,92.10464477539062,6.095815658569336,38.003299713134766
2025-04-02,90.7105712890625,6.115416526794434,37.96049880981445
2025-04-03,88.45122528076172,5.939010143280029,37.944618225097656
2025-04-04,84.8939437866211,5.664600849151611,38.005699157714844
2025-04-07,85.03815460205078,5.684201717376709,38.00090026855469
2025-04-08,87.1532974243164,5.6940016746521,38.004798889160156
2025-04-09,86.23994445800781,6.007612705230713,38.007999420166016
2025-04-10,86.33609008789062,5.890008926391602,37.96289825439453
2025-04-11,87.20137023925781,5.958611011505127,38.03559875488281
2025-04-14,86.4322280883789,5.91940975189209,37.98509979248047
2025-04-15,86.4322280883789,5.958611011505127,38.03839874267578
2025-04-16,85.13430786132812,5.850807189941406,38.17060089111328
2025-04-17,88.11473083496094,5.899808883666992,38.14339828491211
2025-04-22,88.54736328125,5.997812271118164,38.235801696777344
2025-04-24,90.5182876586914,6.135017395019531,38.285621643066406
2025-04-25,87.77822875976562,5.929210186004639,38.415000915527344
2025-04-28,87.0571517944336,5.899808883666992,38.42399978637695
2025-04-29,87.77822875976562,5.890008926391602,38.44160079956055
2025-04-30,86.4322280883789,5.7920050621032715,38.4994010925293
2025-05-02,85.6630859375,5.752803802490234,38.55839920043945
2025-05-05,83.2114486694336,5.615598678588867,38.57176971435547
2025-05-06,83.9805908203125,5.635199546813965,38.61050033569336
2025-05-07,84.5093765258789,5.605798244476318,38.63290023803711
2025-05-08,86.57644653320312,5.821406364440918,38.644100189208984
2025-05-09,88.73965454101562,5.890008926391602,38.7244987487793
2025-05-12,93.69099426269531,6.193819522857666,38.74020004272461
2025-05-13,92.05657196044922,6.203619480133057,38.78990173339844
2025-05-14,93.30642700195312,6.27222204208374,38.758480072021484
2025-05-15,92.77764129638672,6.174218654632568,38.7677001953125
2025-05-16,92.96992492675781,6.1644182205200195,38.83620071411133
2025-05-20,94.65242004394531,6.27222204208374,38.846099853515625
2025-05-21,93.59485626220703,6.233020782470703,38.83530044555664
2025-05-22,95.90228271484375,6.360424995422363,38.830101013183594
2025-05-23,94.21978759765625,6.252621650695801,39.033329010009766
2025-05-27,94.21978759765625,6.252621650695801,38.993900299072266
2025-05-28,92.34500885009766,6.066414833068848,39.05950164794922
2025-05-29,91.81621551513672,6.0272135734558105,39.09429168701172
2025-05-30,91.1912841796875,5.958611011505127,39.20848846435547
2025-06-02,87.48979949951172,5.80180549621582,39.254398345947266
2025-06-03,90.42214965820312,5.890008926391602,39.145301818847656
2025-06-04,94.36399841308594,6.115416526794434,39.14459991455078
2025-06-05,93.35449981689453,6.066414833068848,39.264400482177734
2025-06-10,93.35449981689453,6.193819522857666,39.29912185668945
2025-06-11,93.35449981689453,6.115416526794434,39.19559860229492
2025-06-12,92.00849914550781,6.095815658569336,39.129539489746094
2025-06-13,88.93193054199219,5.752803802490234,39.395599365234375
2025-06-16,89.07615661621094,5.860607624053955,39.36800003051758
2025-06-17,87.44172668457031,5.762604236602783,39.38759994506836
2025-06-18,87.3936538696289,5.733202934265137,39.52090072631836
2025-06-20,88.19400787353516,5.644999980926514,39.663700103759766
2025-06-23,86.52533721923828,5.610000133514404,39.72050094604492
2025-06-24,90.00990295410156,5.889999866485596,39.67070007324219
2025-06-25,91.23686981201172,5.900000095367432,39.6245002746582
2025-06-26,87.85045623779297,5.710000038146973,39.75859832763672
2025-06-27,87.65414428710938,5.670000076293945,39.85430145263672
2025-06-30,94.37789154052734,6.050000190734863,39.89059829711914
2025-07-01,96.68457794189453,6.21999979019165,39.82659912109375
2025-07-02,96.29195404052734,6.190000057220459,39.83879852294922
2025-07-03,96.19379425048828,6.230000019073486,39.904701232910156
2025-07-07,95.21222686767578,6.039999961853027,39.95100021362305
2025-07-08,92.26751708984375,5.909999847412109,40.00320053100586
2025-07-09,93.4944839477539,5.989999771118164,40.02954864501953
2025-07-10,91.9730453491211,5.840000152587891,40.04629898071289
2025-07-11,90.69700622558594,5.820000171661377,40.15909957885742
2025-07-14,90.5988540649414,5.789999961853027,40.19459915161133
2025-07-16,90.54977416992188,5.78000020980835,40.25429916381836
2025-07-17,92.36567687988281,5.78000020980835,40.240699768066406
2025-07-18,92.80738830566406,5.769999980926514,40.33599853515625
2025-07-21,93.78895568847656,5.820000171661377,40.394500732421875
2025-07-22,93.34724426269531,5.820000171661377,40.40439987182617
2025-07-23,92.61106872558594,5.889999866485596,40.433998107910156
2025-07-24,92.51290893554688,5.75,40.45109939575195
2025-07-25,90.795166015625,5.679999828338623,40.5359992980957
2025-07-28,90.84424591064453,5.639999866485596,40.54029846191406
2025-07-29,89.42096710205078,5.559999942779541,40.56169891357422
2025-07-30,91.82581329345703,5.650000095367432,40.571998596191406
2025-07-31,91.53134155273438,5.619999885559082,40.58700180053711
2025-08-01,91.53134155273438,5.590000152587891,40.66279983520508
2025-08-04,91.67858123779297,5.659999847412109,40.677799224853516
2025-08-05,91.6294937133789,5.699999809265137,40.67490005493164
2025-08-06,91.28594970703125,5.690000057220459,40.66899871826172
2025-08-07,93.20000457763672,5.860000133514404,40.659400939941406
2025-08-08,94.52513122558594,5.909999847412109,40.656009674072266
2025-08-11,95.4576187133789,5.960000038146973,40.74729919433594
2025-08-12,95.75209045410156,6.019999980926514,40.708499908447266
2025-08-13,95.94840240478516,6.059999942779541,40.755001068115234
2025-08-14,92.85646057128906,5.78000020980835,40.781898498535156
2025-08-15,93.00369262695312,5.840000152587891,40.846900939941406
2025-08-18,92.36567687988281,5.860000133514404,40.89889907836914
2025-08-19,93.44539642333984,5.860000133514404,40.88309860229492
2025-08-20,95.85025024414062,5.960000038146973,40.86960983276367
2025-08-21,97.17536926269531,6.079999923706055,40.911800384521484
2025-08-22,96.04656219482422,6.03000020980835,41.007598876953125
2025-08-25,97.22444915771484,6.079999923706055,40.96030044555664
2025-08-26,97.96062469482422,6.119999885559082,41.003501892089844
2025-08-27,97.7643051147461,6.179999828338623,41.037498474121094
2025-08-28,94.96683502197266,5.920000076293945,41.05189895629883
2025-08-29,93.05278015136719,5.880000114440918,41.140499114990234
2025-09-02,89.51911926269531,5.619999885559082,41.14289855957031
2025-09-03,88.97926330566406,5.570000171661377,41.16619873046875
2025-09-04,88.83202362060547,5.579999923706055,41.158599853515625
2025-09-05,88.39031982421875,5.539999961853027,41.247501373291016
2025-09-08,87.26152038574219,5.429999828338623,41.25559997558594
2025-09-09,87.45782470703125,5.480000019073486,41.261390686035156
2025-09-10,87.1142807006836,5.5,41.257301330566406
2025-09-11,87.01612091064453,5.53000020980835,41.27539825439453
2025-09-12,87.80137634277344,5.579999923706055,41.34280014038086
2025-09-15,91.9239730834961,5.699999809265137,41.27825927734375
2025-09-16,93.44539642333984,5.860000133514404,41.307701110839844
2025-09-17,93.98526763916016,5.869999885559082,41.30730056762695
2025-09-18,93.05278015136719,5.900000095367432,41.30110168457031
2025-09-19,95.21222686767578,6.03000020980835,41.39720153808594
2025-09-22,97.07720947265625,6.079999923706055,41.407901763916016
2025-09-23,97.22444915771484,6.099999904632568,41.39189910888672
2025-09-24,97.7643051147461,6.090000152587891,41.418701171875
2025-09-25,96.39010620117188,6.019999980926514,41.469600677490234
2025-09-26,95.11407470703125,5.940000057220459,41.56399917602539
2025-09-29,95.50669860839844,5.949999809265137,41.56108856201172
2025-09-30,96.04656219482422,6.019999980926514,41.57659912109375
2025-10-01,97.66615295410156,6.119999885559082,41.582698822021484
2025-10-02,99.53113555908203,6.179999828338623,41.59410095214844
2025-10-03,96.29195404052734,5.949999809265137,41.64179992675781
2025-10-06,96.97905731201172,5.980000019073486,41.68830108642578
2025-10-07,98.549560546875,6.079999923706055,41.703800201416016
2025-10-08,96.635498046875,5.989999771118164,41.71736145019531
2025-10-09,98.549560546875,6.050000190734863,41.73080062866211
2025-10-10,98.3532485961914,5.980000019073486,41.822471618652344
2025-10-13,96.09564208984375,5.909999847412109,41.8129997253418
2025-10-14,89.17557525634766,5.539999961853027,41.81230163574219
2025-10-15,93.98526763916016,5.78000020980835,41.81919860839844
2025-10-16,94.03434753417969,5.809999942779541,41.851200103759766
2025-10-17,92.51290893554688,5.710000038146973,41.89630126953125
2025-10-20,95.01591491699219,5.820000171661377,41.93040084838867
2025-10-21,95.16314697265625,5.860000133514404,41.92890167236328
2025-10-22,95.8011703491211,5.880000114440918,41.96820068359375
2025-10-23,96.7336654663086,5.889999866485596,41.97639846801758
2025-10-24,98.94219207763672,6.050000190734863,42.03110122680664
2025-10-27,98.15693664550781,6.03000020980835,41.99216079711914
2025-10-28,98.7458724975586,6.010000228881836,41.95940017700195
2025-10-30,96.92996978759766,5.860000133514404,41.89762878417969
2025-10-31,97.86246490478516,5.989999771118164,42.026798248291016
2025-11-03,95.6539306640625,5.840000152587891,42.03961944580078
2025-11-04,94.67236328125,5.78000020980835,42.06949996948242
2025-11-05,95.89932250976562,5.849999904632568,42.071998596191406
2025-11-06,100.12007141113281,6.019999980926514,42.11119842529297
2025-11-07,95.11407470703125,5.809999942779541,42.16474151611328
2025-11-10,94.67236328125,5.789999961853027,42.23031997680664
2025-11-11,92.66014862060547,5.730000019073486,42.234100341796875
2025-11-12,94.52513122558594,5.760000228881836,42.23789978027344
2025-11-13,93.83802795410156,5.659999847412109,42.2484016418457
2025-11-14,91.43318939208984,5.579999923706055,42.28519821166992
2025-11-17,91.38410186767578,5.599999904632568,42.31201171875
2025-11-18,92.26751708984375,5.619999885559082,42.318599700927734
2025-11-19,92.9055404663086,5.650000095367432,42.326900482177734
2025-11-20,94.91775512695312,5.679999828338623,42.342899322509766
2025-11-21,92.9546127319336,5.679999828338623,42.43870162963867
2025-11-24,92.66014862060547,5.639999866485596,42.395748138427734
2025-11-25,92.26751708984375,5.619999885559082,42.442501068115234
2025-11-26,92.36567687988281,5.630000114440918,42.46220016479492
2025-11-28,91.82581329345703,5.590000152587891,42.48509979248047
2025-12-01,94.08341979980469,5.670000076293945,42.46950149536133
2025-12-02,95.4576187133789,5.75,42.41801071166992
2025-12-03,95.94840240478516,5.840000152587891,42.45227813720703
2025-12-04,95.35946655273438,5.789999961853027,42.446998596191406
2025-12-05,96.19379425048828,5.820000171661377,42.500099182128906
2025-12-08,98.94219207763672,5.929999828338623,42.51499938964844
2025-12-09,99.82559967041016,5.989999771118164,42.55390167236328
2025-12-10,99.3348159790039,6.019999980926514,42.549400329589844
2025-12-11,98.64772033691406,5.909999847412109,42.61159896850586
2025-12-12,102.27952575683594,6.070000171661377,42.63240051269531
2025-12-15,103.45741271972656,6.099999904632568,42.68220138549805
2025-12-16,99.92375946044922,5.960000038146973,42.69390106201172
2025-12-17,100.21823120117188,5.960000038146973,42.70759963989258
2025-12-18,100.02191925048828,5.929999828338623,42.72959899902344
2025-12-19,99.13850402832031,5.900000095367432,42.785301208496094
2025-12-22,97.66615295410156,5.840000152587891,42.806880950927734
2025-12-23,96.88088989257812,5.809999942779541,42.815799713134766
2025-12-24,96.7827377319336,5.809999942779541,42.847999572753906
2025-12-26,95.25,5.739999771118164,42.85449981689453
2025-12-29,93.94999694824219,5.579999923706055,42.90407943725586
2025-12-30,93.5,5.519999980926514,42.935699462890625
2025-12-31,93.0999984741211,5.46999979019165,42.95198059082031
2026-01-02,96.0,5.590000152587891,42.99399948120117
2026-01-05,96.80000305175781,5.639999866485596,43.01118850708008
2026-01-06,99.0999984741211,5.679999828338623,43.03919982910156
2026-01-07,98.80000305175781,5.659999847412109,43.04059982299805
2026-01-08,99.6500015258789,5.699999809265137,43.036598205566406
2026-01-09,98.30000305175781,5.610000133514404,43.12889862060547
2026-01-12,99.55000305175781,5.679999828338623,43.10540008544922
2026-01-13,101.69999694824219,5.710000038146973,43.14179992675781
2026-01-14,101.69999694824219,5.809999942779541,43.152400970458984
2026-01-15,103.69999694824219,5.880000114440918,43.16960144042969
2026-01-16,105.9000015258789,6.090000152587891,43.27220153808594
2026-01-20,104.5,6.130000114440918,43.276100158691406
2026-01-21,105.5,6.119999885559082,43.289398193359375
2026-01-22,112.0999984741211,6.559999942779541,43.295799255371094
2026-01-23,112.80000305175781,6.539999961853027,43.339900970458984
2026-01-26,114.80000305175781,6.610000133514404,43.38639831542969
2026-01-27,114.4000015258789,6.590000152587891,43.38180160522461
2026-01-28,115.9000015258789,6.610000133514404,43.41460037231445
2026-01-29,117.30000305175781,6.690000057220459,43.40729904174805
2026-01-30,116.9000015258789,6.659999847412109,43.455101013183594
2026-02-02,113.5,6.519999980926514,43.48197937011719
2026-02-03,118.5,6.710000038146973,43.47489929199219
2026-02-04,118.30000305175781,6.699999809265137,43.49100112915039
2026-02-05,116.0999984741211,6.610000133514404,43.519500732421875
2026-02-06,114.30000305175781,6.559999942779541,43.60929870605469
2026-02-09,117.0,6.679999828338623,43.46875
2026-02-10,118.0999984741211,6.710000038146973,43.58409881591797
2026-02-11,122.0999984741211,6.960000038146973,43.627498626708984
2026-02-12,123.9000015258789,7.010000228881836,43.63610076904297
2026-02-13,125.30000305175781,7.050000190734863,43.72809982299805
2026-02-17,126.0,7.150000095367432,43.722801208496094
2026-02-18,124.5999984741211,7.019999980926514,43.734500885009766
2026-02-19,120.19999694824219,6.869999885559082,43.763999938964844
2026-02-20,122.80000305175781,7.0,43.83829879760742
2026-02-23,123.0999984741211,6.96999979019165,43.80820083618164
2026-02-24,121.5,7.0,43.84659957885742
2026-02-25,121.0,6.940000057220459,43.854801177978516
2026-02-26,120.80000305175781,6.869999885559082,43.8650016784668
2026-02-27,115.80000305175781,6.739999771118164,43.95539855957031
2026-03-02,114.0,6.579999923706055,43.9486083984375
2026-03-03,113.30000305175781,6.579999923706055,43.96500015258789
2026-03-04,111.0,6.46999979019165,43.948001861572266
2026-03-05,109.69999694824219,6.170000076293945,43.93980026245117
2026-03-06,107.5,6.079999923706055,44.03340148925781
2026-03-09,106.9000015258789,6.139999866485596,44.083091735839844
2026-03-10,111.5,6.25,44.07979965209961
2026-03-11,109.0999984741211,6.150000095367432,44.088401794433594
2026-03-12,111.30000305175781,6.210000038146973,44.0984001159668
2026-03-13,108.80000305175781,6.150000095367432,44.18539810180664
2026-03-16,109.0999984741211,6.210000038146973,44.17097091674805
2026-03-17,110.80000305175781,6.239999771118164,44.18349838256836
2026-03-18,108.5,6.119999885559082,44.21540069580078
2026-03-19,106.5999984741211,6.139999866485596,44.319000244140625
2026-03-23,108.4000015258789,6.139999866485596,44.29280090332031
2026-03-24,106.19999694824219,6.059999942779541,44.338600158691406
2026-03-25,107.4000015258789,6.110000133514404,44.339298248291016
2026-03-26,106.0,5.949999809265137,44.35459899902344
2026-03-27,106.4000015258789,5.989999771118164,44.45555114746094
2026-03-30,104.5999984741211,5.909999847412109,44.4452018737793
2026-03-31,105.9000015258789,6.03000020980835,44.473899841308594
2026-04-01,107.19999694824219,6.059999942779541,44.454898834228516
2026-04-02,106.9000015258789,6.019999980926514,44.48640060424805
2026-04-06,108.5999984741211,6.039999961853027,44.58409881591797
2026-04-07,104.9000015258789,5.960000038146973,44.605098724365234
2026-04-08,111.19999694824219,6.21999979019165,44.567901611328125
2026-04-09,114.4000015258789,6.389999866485596,44.48469924926758
2026-04-10,117.30000305175781,6.510000228881836,44.638099670410156
2026-04-13,115.69999694824219,6.409999847412109,44.69960021972656
2026-04-14,116.30000305175781,6.420000076293945,44.702999114990234
2026-04-15,117.0999984741211,6.440000057220459,44.7317008972168
2026-04-16,117.30000305175781,6.480000019073486,44.72779846191406
2026-04-17,120.5,6.619999885559082,44.8484992980957
2026-04-20,117.69999694824219,6.53000020980835,44.85419845581055
2026-04-21,115.30000305175781,6.320000171661377,44.885501861572266
2026-04-22,114.0999984741211,6.28000020980835,44.9192008972168
2026-04-24,114.30000305175781,6.360000133514404,44.975799560546875
2026-04-27,116.5999984741211,6.429999828338623,45.01279830932617
2026-04-28,113.80000305175781,6.300000190734863,45.02980041503906
2026-04-29,112.0999984741211,6.230000019073486,45.060691833496094
2026-04-30,112.0999984741211,6.320000171661377,45.16600036621094
2026-05-04,111.0,6.199999809265137,45.185298919677734
2026-05-05,115.19999694824219,6.420000076293945,45.21440124511719
2026-05-06,117.69999694824219,6.539999961853027,45.22959899902344
2026-05-07,118.5999984741211,6.53000020980835,45.227901458740234
2026-05-08,120.0,6.639999866485596,45.223751068115234
2026-05-11,121.9000015258789,6.739999771118164,45.352500915527344
2026-05-12,115.0,6.369999885559082,45.38529968261719
2026-05-13,114.0,6.320000171661377,45.40019989013672
2026-05-14,114.5,6.269999980926514,45.43050003051758
2026-05-15,109.5,6.050000190734863,45.54199981689453
2026-05-18,106.80000305175781,5.960000038146973,45.49235916137695
2026-05-20,108.5999984741211,6.010000228881836,45.58430099487305
2026-05-21,106.0,5.820000171661377,45.59130096435547
2026-05-22,106.5,5.829999923706055,45.71379852294922
2026-05-26,101.0,5.690000057220459,45.897499084472656
2026-05-27,101.0,5.699999809265137,45.893699645996094
2026-05-28,101.0,5.670000076293945,45.892799377441406
2026-05-29,101.0,5.71999979019165,45.89179992675781
2026-06-01,102.5999984741211,5.710000038146973,45.897701263427734
2026-06-02,108.5,5.960000038146973,45.92539978027344
2026-06-03,105.80000305175781,5.880000114440918,45.945098876953125
2026-06-04,107.9000015258789,5.920000076293945,45.97380065917969
2026-06-05,105.0999984741211,5.769999980926514,46.06439971923828
2026-06-08,107.4000015258789,5.760000228881836,46.09109878540039
